2026-05-23 17:45:11 -              Trainer: [    INFO] - ================================================================================
2026-05-23 17:45:11 -              Trainer: [    INFO] - STARTING SHADOW REMOVAL TRAINING
2026-05-23 17:45:11 -              Trainer: [    INFO] - Log file: ./checkpoints/logs/train_log_20260523_174511.log
2026-05-23 17:45:11 -              Trainer: [    INFO] - ================================================================================
2026-05-23 17:45:11 -              Trainer: [    INFO] - Random seed set to: 2742
2026-05-23 17:45:11 -              Trainer: [    INFO] - cudnn.deterministic: False
2026-05-23 17:45:11 -              Trainer: [    INFO] - cudnn.benchmark: True
2026-05-23 17:45:11 -              Trainer: [    INFO] - Multi-GPU training: False
2026-05-23 17:45:11 -              Trainer: [    INFO] - Training options: Namespace(batch_size=5, epoch=600, lr=0.0002, weight_decay=0.02, num_workers=4, use_cuda=True, multi_gpu=False, mask_dir='/media/luosihui/Dataset/SRD/test/mask', GT_dir='/media/luosihui/Dataset/SRD/test/non_shadow', train_data_dir='/media/luosihui/Dataset/SRD/train/', test_data_dir='/media/luosihui/Dataset/SRD/test/', img_size=384, resume=False, win_size=12, checkpoint_dir='checkpoints', best_model_path='./checkpoints/model_best.pth', final_model_path='./checkpoints/model_final.pth', pretrain_weights='../checkpoints/model_best.pth', result_dir='./results', log_dir='./checkpoints/logs', augment=True, over_lap=64, validation_freq=3000, warmup_epochs=10, use_mixup=False, mixup_start_epoch=10, use_amp=True, seed=2742, deterministic=False, cudnn_benchmark=True)
2026-05-23 17:45:22 -              Trainer: [    INFO] - Using device: cuda
2026-05-23 17:45:22 -              Trainer: [    INFO] - Model initialized: PhasorFormer
2026-05-23 17:45:22 -              Trainer: [    INFO] - Optimizer: AdamW (lr=0.0002, weight_decay=0.02)
2026-05-23 17:45:22 -              Trainer: [    INFO] - Loss function: CharbonnierLoss
2026-05-23 17:45:22 -              Trainer: [    INFO] - Training for 600 epochs with validation every 3000 iterations
2026-05-23 17:45:22 -              Trainer: [    INFO] - Using Mixed Precision Training (AMP)
2026-05-23 17:48:15 -              Trainer: [    INFO] - Epoch [1/600] completed in 173.63s | Loss: 0.2523 | PSNR: 10.14 | LR: 0.00000000
2026-05-23 17:50:53 -              Trainer: [    INFO] - Epoch [2/600] completed in 157.37s | Loss: 0.0477 | PSNR: 23.17 | LR: 0.00002000
2026-05-23 17:53:30 -              Trainer: [    INFO] - Epoch [3/600] completed in 157.25s | Loss: 0.0390 | PSNR: 24.46 | LR: 0.00004000
2026-05-23 17:56:07 -              Trainer: [    INFO] - Epoch [4/600] completed in 157.40s | Loss: 0.0367 | PSNR: 25.02 | LR: 0.00006000
2026-05-23 17:58:45 -              Trainer: [    INFO] - Epoch [5/600] completed in 157.40s | Loss: 0.0347 | PSNR: 25.51 | LR: 0.00008000
2026-05-23 18:00:19 -              Trainer: [    INFO] - Validating at iteration 3000...
2026-05-23 18:01:54 -              Trainer: [    INFO] - Validation results | PSNR=27.39
2026-05-23 18:01:55 -              Trainer: [    INFO] - Saved new best model at iter 3000 with PSNR 27.39 to ./checkpoints/model_best.pth
2026-05-23 18:02:58 -              Trainer: [    INFO] - Epoch [6/600] completed in 252.96s | Loss: 0.0336 | PSNR: 25.90 | LR: 0.00010000
2026-05-23 18:05:35 -              Trainer: [    INFO] - Epoch [7/600] completed in 157.57s | Loss: 0.0317 | PSNR: 26.28 | LR: 0.00012000
2026-05-23 18:08:13 -              Trainer: [    INFO] - Epoch [8/600] completed in 157.39s | Loss: 0.0297 | PSNR: 26.83 | LR: 0.00014000
2026-05-23 18:10:50 -              Trainer: [    INFO] - Epoch [9/600] completed in 157.41s | Loss: 0.0285 | PSNR: 27.21 | LR: 0.00016000
2026-05-23 18:13:28 -              Trainer: [    INFO] - Epoch [10/600] completed in 157.61s | Loss: 0.0279 | PSNR: 27.40 | LR: 0.00018000
2026-05-23 18:16:05 -              Trainer: [    INFO] - Epoch [11/600] completed in 157.50s | Loss: 0.0268 | PSNR: 27.75 | LR: 0.00020000
2026-05-23 18:16:36 -              Trainer: [    INFO] - Validating at iteration 6000...
2026-05-23 18:18:10 -              Trainer: [    INFO] - Validation results | PSNR=27.92
2026-05-23 18:18:10 -              Trainer: [    INFO] - Saved new best model at iter 6000 with PSNR 27.92 to ./checkpoints/model_best.pth
2026-05-23 18:20:17 -              Trainer: [    INFO] - Epoch [12/600] completed in 251.30s | Loss: 0.0270 | PSNR: 27.66 | LR: 0.00020000
2026-05-23 18:22:54 -              Trainer: [    INFO] - Epoch [13/600] completed in 157.58s | Loss: 0.0263 | PSNR: 27.93 | LR: 0.00020000
2026-05-23 18:25:32 -              Trainer: [    INFO] - Epoch [14/600] completed in 157.32s | Loss: 0.0253 | PSNR: 28.21 | LR: 0.00019999
2026-05-23 18:28:09 -              Trainer: [    INFO] - Epoch [15/600] completed in 157.49s | Loss: 0.0244 | PSNR: 28.52 | LR: 0.00019999
2026-05-23 18:30:47 -              Trainer: [    INFO] - Epoch [16/600] completed in 157.70s | Loss: 0.0249 | PSNR: 28.30 | LR: 0.00019998
2026-05-23 18:32:51 -              Trainer: [    INFO] - Validating at iteration 9000...
2026-05-23 18:34:25 -              Trainer: [    INFO] - Validation results | PSNR=29.69
2026-05-23 18:34:25 -              Trainer: [    INFO] - Saved new best model at iter 9000 with PSNR 29.69 to ./checkpoints/model_best.pth
2026-05-23 18:34:58 -              Trainer: [    INFO] - Epoch [17/600] completed in 251.46s | Loss: 0.0244 | PSNR: 28.56 | LR: 0.00019997
2026-05-23 18:37:36 -              Trainer: [    INFO] - Epoch [18/600] completed in 157.64s | Loss: 0.0244 | PSNR: 28.52 | LR: 0.00019995
2026-05-23 18:40:13 -              Trainer: [    INFO] - Epoch [19/600] completed in 157.47s | Loss: 0.0238 | PSNR: 28.73 | LR: 0.00019993
2026-05-23 18:42:51 -              Trainer: [    INFO] - Epoch [20/600] completed in 157.49s | Loss: 0.0237 | PSNR: 28.76 | LR: 0.00019991
2026-05-23 18:45:28 -              Trainer: [    INFO] - Epoch [21/600] completed in 157.56s | Loss: 0.0236 | PSNR: 28.85 | LR: 0.00019989
2026-05-23 18:48:06 -              Trainer: [    INFO] - Epoch [22/600] completed in 158.00s | Loss: 0.0234 | PSNR: 28.91 | LR: 0.00019986
2026-05-23 18:49:08 -              Trainer: [    INFO] - Validating at iteration 12000...
2026-05-23 18:50:41 -              Trainer: [    INFO] - Validation results | PSNR=30.47
2026-05-23 18:50:41 -              Trainer: [    INFO] - Saved new best model at iter 12000 with PSNR 30.47 to ./checkpoints/model_best.pth
2026-05-23 18:52:17 -              Trainer: [    INFO] - Epoch [23/600] completed in 250.89s | Loss: 0.0228 | PSNR: 29.12 | LR: 0.00019983
2026-05-23 18:54:55 -              Trainer: [    INFO] - Epoch [24/600] completed in 157.55s | Loss: 0.0231 | PSNR: 29.02 | LR: 0.00019980
2026-05-23 18:57:33 -              Trainer: [    INFO] - Epoch [25/600] completed in 157.96s | Loss: 0.0228 | PSNR: 29.16 | LR: 0.00019977
2026-05-23 19:00:10 -              Trainer: [    INFO] - Epoch [26/600] completed in 157.70s | Loss: 0.0229 | PSNR: 29.12 | LR: 0.00019973
2026-05-23 19:02:49 -              Trainer: [    INFO] - Epoch [27/600] completed in 158.14s | Loss: 0.0225 | PSNR: 29.30 | LR: 0.00019969
2026-05-23 19:05:25 -              Trainer: [    INFO] - Validating at iteration 15000...
2026-05-23 19:06:57 -              Trainer: [    INFO] - Validation results | PSNR=30.27
2026-05-23 19:06:59 -              Trainer: [    INFO] - Epoch [28/600] completed in 250.57s | Loss: 0.0220 | PSNR: 29.49 | LR: 0.00019965
2026-05-23 19:09:37 -              Trainer: [    INFO] - Epoch [29/600] completed in 157.93s | Loss: 0.0222 | PSNR: 29.46 | LR: 0.00019960
2026-05-23 19:12:15 -              Trainer: [    INFO] - Epoch [30/600] completed in 158.29s | Loss: 0.0213 | PSNR: 29.69 | LR: 0.00019956
2026-05-23 19:14:54 -              Trainer: [    INFO] - Epoch [31/600] completed in 158.18s | Loss: 0.0218 | PSNR: 29.61 | LR: 0.00019951
2026-05-23 19:17:31 -              Trainer: [    INFO] - Epoch [32/600] completed in 157.62s | Loss: 0.0214 | PSNR: 29.82 | LR: 0.00019945
2026-05-23 19:20:09 -              Trainer: [    INFO] - Epoch [33/600] completed in 157.63s | Loss: 0.0215 | PSNR: 29.71 | LR: 0.00019940
2026-05-23 19:21:41 -              Trainer: [    INFO] - Validating at iteration 18000...
2026-05-23 19:23:15 -              Trainer: [    INFO] - Validation results | PSNR=31.05
2026-05-23 19:23:15 -              Trainer: [    INFO] - Saved new best model at iter 18000 with PSNR 31.05 to ./checkpoints/model_best.pth
2026-05-23 19:24:21 -              Trainer: [    INFO] - Epoch [34/600] completed in 252.28s | Loss: 0.0218 | PSNR: 29.63 | LR: 0.00019934
2026-05-23 19:26:59 -              Trainer: [    INFO] - Epoch [35/600] completed in 157.66s | Loss: 0.0219 | PSNR: 29.53 | LR: 0.00019928
2026-05-23 19:29:37 -              Trainer: [    INFO] - Epoch [36/600] completed in 157.75s | Loss: 0.0211 | PSNR: 29.85 | LR: 0.00019921
2026-05-23 19:32:14 -              Trainer: [    INFO] - Epoch [37/600] completed in 157.53s | Loss: 0.0211 | PSNR: 29.84 | LR: 0.00019914
2026-05-23 19:34:52 -              Trainer: [    INFO] - Epoch [38/600] completed in 157.53s | Loss: 0.0208 | PSNR: 30.00 | LR: 0.00019907
2026-05-23 19:37:30 -              Trainer: [    INFO] - Epoch [39/600] completed in 157.89s | Loss: 0.0206 | PSNR: 30.10 | LR: 0.00019900
2026-05-23 19:37:58 -              Trainer: [    INFO] - Validating at iteration 21000...
2026-05-23 19:39:31 -              Trainer: [    INFO] - Validation results | PSNR=31.29
2026-05-23 19:39:32 -              Trainer: [    INFO] - Saved new best model at iter 21000 with PSNR 31.29 to ./checkpoints/model_best.pth
2026-05-23 19:41:41 -              Trainer: [    INFO] - Epoch [40/600] completed in 251.09s | Loss: 0.0209 | PSNR: 29.95 | LR: 0.00019893
2026-05-23 19:44:18 -              Trainer: [    INFO] - Epoch [41/600] completed in 157.63s | Loss: 0.0207 | PSNR: 30.01 | LR: 0.00019885
2026-05-23 19:46:56 -              Trainer: [    INFO] - Epoch [42/600] completed in 157.76s | Loss: 0.0205 | PSNR: 30.13 | LR: 0.00019877
2026-05-23 19:49:34 -              Trainer: [    INFO] - Epoch [43/600] completed in 157.77s | Loss: 0.0202 | PSNR: 30.24 | LR: 0.00019869
2026-05-23 19:52:11 -              Trainer: [    INFO] - Epoch [44/600] completed in 157.63s | Loss: 0.0207 | PSNR: 30.03 | LR: 0.00019860
2026-05-23 19:54:14 -              Trainer: [    INFO] - Validating at iteration 24000...
2026-05-23 19:55:46 -              Trainer: [    INFO] - Validation results | PSNR=31.58
2026-05-23 19:55:47 -              Trainer: [    INFO] - Saved new best model at iter 24000 with PSNR 31.58 to ./checkpoints/model_best.pth
2026-05-23 19:56:22 -              Trainer: [    INFO] - Epoch [45/600] completed in 250.48s | Loss: 0.0204 | PSNR: 30.16 | LR: 0.00019851
2026-05-23 19:58:59 -              Trainer: [    INFO] - Epoch [46/600] completed in 157.59s | Loss: 0.0202 | PSNR: 30.30 | LR: 0.00019842
2026-05-23 20:01:37 -              Trainer: [    INFO] - Epoch [47/600] completed in 157.68s | Loss: 0.0201 | PSNR: 30.27 | LR: 0.00019833
2026-05-23 20:04:15 -              Trainer: [    INFO] - Epoch [48/600] completed in 157.90s | Loss: 0.0206 | PSNR: 30.06 | LR: 0.00019823
2026-05-23 20:06:53 -              Trainer: [    INFO] - Epoch [49/600] completed in 157.79s | Loss: 0.0201 | PSNR: 30.32 | LR: 0.00019813
2026-05-23 20:09:30 -              Trainer: [    INFO] - Epoch [50/600] completed in 157.59s | Loss: 0.0201 | PSNR: 30.28 | LR: 0.00019803
2026-05-23 20:10:29 -              Trainer: [    INFO] - Validating at iteration 27000...
2026-05-23 20:12:02 -              Trainer: [    INFO] - Validation results | PSNR=31.88
2026-05-23 20:12:02 -              Trainer: [    INFO] - Saved new best model at iter 27000 with PSNR 31.88 to ./checkpoints/model_best.pth
2026-05-23 20:13:41 -              Trainer: [    INFO] - Epoch [51/600] completed in 250.50s | Loss: 0.0201 | PSNR: 30.27 | LR: 0.00019792
2026-05-23 20:16:19 -              Trainer: [    INFO] - Epoch [52/600] completed in 157.68s | Loss: 0.0198 | PSNR: 30.41 | LR: 0.00019781
2026-05-23 20:18:56 -              Trainer: [    INFO] - Epoch [53/600] completed in 157.61s | Loss: 0.0195 | PSNR: 30.54 | LR: 0.00019770
2026-05-23 20:21:34 -              Trainer: [    INFO] - Epoch [54/600] completed in 157.86s | Loss: 0.0198 | PSNR: 30.43 | LR: 0.00019759
2026-05-23 20:24:12 -              Trainer: [    INFO] - Epoch [55/600] completed in 157.61s | Loss: 0.0198 | PSNR: 30.44 | LR: 0.00019748
2026-05-23 20:26:45 -              Trainer: [    INFO] - Validating at iteration 30000...
2026-05-23 20:28:17 -              Trainer: [    INFO] - Validation results | PSNR=31.72
2026-05-23 20:28:22 -              Trainer: [    INFO] - Epoch [56/600] completed in 250.39s | Loss: 0.0201 | PSNR: 30.31 | LR: 0.00019736
2026-05-23 20:31:00 -              Trainer: [    INFO] - Epoch [57/600] completed in 157.86s | Loss: 0.0192 | PSNR: 30.73 | LR: 0.00019724
2026-05-23 20:33:38 -              Trainer: [    INFO] - Epoch [58/600] completed in 157.65s | Loss: 0.0193 | PSNR: 30.68 | LR: 0.00019711
2026-05-23 20:36:15 -              Trainer: [    INFO] - Epoch [59/600] completed in 157.58s | Loss: 0.0199 | PSNR: 30.40 | LR: 0.00019699
2026-05-23 20:38:53 -              Trainer: [    INFO] - Epoch [60/600] completed in 157.89s | Loss: 0.0194 | PSNR: 30.62 | LR: 0.00019686
2026-05-23 20:41:31 -              Trainer: [    INFO] - Epoch [61/600] completed in 157.61s | Loss: 0.0193 | PSNR: 30.59 | LR: 0.00019673
2026-05-23 20:43:00 -              Trainer: [    INFO] - Validating at iteration 33000...
2026-05-23 20:44:34 -              Trainer: [    INFO] - Validation results | PSNR=32.00
2026-05-23 20:44:34 -              Trainer: [    INFO] - Saved new best model at iter 33000 with PSNR 32.00 to ./checkpoints/model_best.pth
2026-05-23 20:45:42 -              Trainer: [    INFO] - Epoch [62/600] completed in 251.33s | Loss: 0.0192 | PSNR: 30.66 | LR: 0.00019659
2026-05-23 20:48:20 -              Trainer: [    INFO] - Epoch [63/600] completed in 157.80s | Loss: 0.0191 | PSNR: 30.70 | LR: 0.00019646
2026-05-23 20:50:57 -              Trainer: [    INFO] - Epoch [64/600] completed in 157.64s | Loss: 0.0191 | PSNR: 30.69 | LR: 0.00019632
2026-05-23 20:53:35 -              Trainer: [    INFO] - Epoch [65/600] completed in 157.63s | Loss: 0.0192 | PSNR: 30.69 | LR: 0.00019617
2026-05-23 20:56:13 -              Trainer: [    INFO] - Epoch [66/600] completed in 157.85s | Loss: 0.0191 | PSNR: 30.73 | LR: 0.00019603
2026-05-23 20:58:51 -              Trainer: [    INFO] - Epoch [67/600] completed in 157.59s | Loss: 0.0188 | PSNR: 30.88 | LR: 0.00019588
2026-05-23 20:59:17 -              Trainer: [    INFO] - Validating at iteration 36000...
2026-05-23 21:00:50 -              Trainer: [    INFO] - Validation results | PSNR=32.17
2026-05-23 21:00:50 -              Trainer: [    INFO] - Saved new best model at iter 36000 with PSNR 32.17 to ./checkpoints/model_best.pth
2026-05-23 21:03:01 -              Trainer: [    INFO] - Epoch [68/600] completed in 250.89s | Loss: 0.0192 | PSNR: 30.67 | LR: 0.00019573
2026-05-23 21:05:39 -              Trainer: [    INFO] - Epoch [69/600] completed in 157.74s | Loss: 0.0193 | PSNR: 30.59 | LR: 0.00019558
2026-05-23 21:08:17 -              Trainer: [    INFO] - Epoch [70/600] completed in 157.59s | Loss: 0.0189 | PSNR: 30.86 | LR: 0.00019542
2026-05-23 21:10:55 -              Trainer: [    INFO] - Epoch [71/600] completed in 157.74s | Loss: 0.0188 | PSNR: 30.85 | LR: 0.00019527
2026-05-23 21:13:32 -              Trainer: [    INFO] - Epoch [72/600] completed in 157.71s | Loss: 0.0187 | PSNR: 30.89 | LR: 0.00019511
2026-05-23 21:15:32 -              Trainer: [    INFO] - Validating at iteration 39000...
2026-05-23 21:17:05 -              Trainer: [    INFO] - Validation results | PSNR=32.54
2026-05-23 21:17:05 -              Trainer: [    INFO] - Saved new best model at iter 39000 with PSNR 32.54 to ./checkpoints/model_best.pth
2026-05-23 21:17:43 -              Trainer: [    INFO] - Epoch [73/600] completed in 250.28s | Loss: 0.0188 | PSNR: 30.94 | LR: 0.00019494
2026-05-23 21:20:20 -              Trainer: [    INFO] - Epoch [74/600] completed in 157.43s | Loss: 0.0186 | PSNR: 30.98 | LR: 0.00019478
2026-05-23 21:22:58 -              Trainer: [    INFO] - Epoch [75/600] completed in 157.56s | Loss: 0.0187 | PSNR: 30.94 | LR: 0.00019461
2026-05-23 21:25:35 -              Trainer: [    INFO] - Epoch [76/600] completed in 157.47s | Loss: 0.0187 | PSNR: 30.92 | LR: 0.00019444
2026-05-23 21:28:12 -              Trainer: [    INFO] - Epoch [77/600] completed in 157.46s | Loss: 0.0186 | PSNR: 30.99 | LR: 0.00019426
2026-05-23 21:30:50 -              Trainer: [    INFO] - Epoch [78/600] completed in 157.66s | Loss: 0.0185 | PSNR: 31.05 | LR: 0.00019409
2026-05-23 21:31:47 -              Trainer: [    INFO] - Validating at iteration 42000...
2026-05-23 21:33:20 -              Trainer: [    INFO] - Validation results | PSNR=32.26
2026-05-23 21:35:01 -              Trainer: [    INFO] - Epoch [79/600] completed in 250.44s | Loss: 0.0184 | PSNR: 31.03 | LR: 0.00019391
2026-05-23 21:37:38 -              Trainer: [    INFO] - Epoch [80/600] completed in 157.77s | Loss: 0.0186 | PSNR: 30.91 | LR: 0.00019373
2026-05-23 21:40:16 -              Trainer: [    INFO] - Epoch [81/600] completed in 157.81s | Loss: 0.0184 | PSNR: 31.08 | LR: 0.00019354
2026-05-23 21:42:54 -              Trainer: [    INFO] - Epoch [82/600] completed in 157.65s | Loss: 0.0181 | PSNR: 31.20 | LR: 0.00019336
2026-05-23 21:45:31 -              Trainer: [    INFO] - Epoch [83/600] completed in 157.65s | Loss: 0.0186 | PSNR: 31.01 | LR: 0.00019317
2026-05-23 21:48:02 -              Trainer: [    INFO] - Validating at iteration 45000...
2026-05-23 21:49:36 -              Trainer: [    INFO] - Validation results | PSNR=32.82
2026-05-23 21:49:36 -              Trainer: [    INFO] - Saved new best model at iter 45000 with PSNR 32.82 to ./checkpoints/model_best.pth
2026-05-23 21:49:43 -              Trainer: [    INFO] - Epoch [84/600] completed in 251.54s | Loss: 0.0184 | PSNR: 31.06 | LR: 0.00019298
2026-05-23 21:52:21 -              Trainer: [    INFO] - Epoch [85/600] completed in 157.67s | Loss: 0.0182 | PSNR: 31.14 | LR: 0.00019278
2026-05-23 21:54:58 -              Trainer: [    INFO] - Epoch [86/600] completed in 157.61s | Loss: 0.0186 | PSNR: 30.96 | LR: 0.00019259
2026-05-23 21:57:36 -              Trainer: [    INFO] - Epoch [87/600] completed in 157.84s | Loss: 0.0182 | PSNR: 31.18 | LR: 0.00019239
2026-05-23 22:00:14 -              Trainer: [    INFO] - Epoch [88/600] completed in 157.55s | Loss: 0.0183 | PSNR: 31.14 | LR: 0.00019219
2026-05-23 22:02:51 -              Trainer: [    INFO] - Epoch [89/600] completed in 157.59s | Loss: 0.0182 | PSNR: 31.16 | LR: 0.00019198
2026-05-23 22:04:19 -              Trainer: [    INFO] - Validating at iteration 48000...
2026-05-23 22:05:52 -              Trainer: [    INFO] - Validation results | PSNR=32.98
2026-05-23 22:05:52 -              Trainer: [    INFO] - Saved new best model at iter 48000 with PSNR 32.98 to ./checkpoints/model_best.pth
2026-05-23 22:07:03 -              Trainer: [    INFO] - Epoch [90/600] completed in 251.49s | Loss: 0.0183 | PSNR: 31.08 | LR: 0.00019178
2026-05-23 22:09:40 -              Trainer: [    INFO] - Epoch [91/600] completed in 157.74s | Loss: 0.0178 | PSNR: 31.36 | LR: 0.00019157
2026-05-23 22:12:18 -              Trainer: [    INFO] - Epoch [92/600] completed in 157.93s | Loss: 0.0185 | PSNR: 31.00 | LR: 0.00019135
2026-05-23 22:14:56 -              Trainer: [    INFO] - Epoch [93/600] completed in 157.63s | Loss: 0.0179 | PSNR: 31.29 | LR: 0.00019114
2026-05-23 22:17:34 -              Trainer: [    INFO] - Epoch [94/600] completed in 157.70s | Loss: 0.0179 | PSNR: 31.33 | LR: 0.00019092
2026-05-23 22:20:11 -              Trainer: [    INFO] - Epoch [95/600] completed in 157.69s | Loss: 0.0181 | PSNR: 31.22 | LR: 0.00019070
2026-05-23 22:20:35 -              Trainer: [    INFO] - Validating at iteration 51000...
2026-05-23 22:22:08 -              Trainer: [    INFO] - Validation results | PSNR=31.42
2026-05-23 22:24:21 -              Trainer: [    INFO] - Epoch [96/600] completed in 249.91s | Loss: 0.0183 | PSNR: 31.12 | LR: 0.00019048
2026-05-23 22:26:59 -              Trainer: [    INFO] - Epoch [97/600] completed in 157.46s | Loss: 0.0178 | PSNR: 31.36 | LR: 0.00019026
2026-05-23 22:29:36 -              Trainer: [    INFO] - Epoch [98/600] completed in 157.48s | Loss: 0.0180 | PSNR: 31.21 | LR: 0.00019003
2026-05-23 22:32:14 -              Trainer: [    INFO] - Epoch [99/600] completed in 157.88s | Loss: 0.0179 | PSNR: 31.35 | LR: 0.00018980
2026-05-23 22:34:52 -              Trainer: [    INFO] - Epoch [100/600] completed in 157.63s | Loss: 0.0178 | PSNR: 31.33 | LR: 0.00018957
2026-05-23 22:36:50 -              Trainer: [    INFO] - Validating at iteration 54000...
2026-05-23 22:38:22 -              Trainer: [    INFO] - Validation results | PSNR=33.22
2026-05-23 22:38:22 -              Trainer: [    INFO] - Saved new best model at iter 54000 with PSNR 33.22 to ./checkpoints/model_best.pth
2026-05-23 22:39:02 -              Trainer: [    INFO] - Epoch [101/600] completed in 250.57s | Loss: 0.0176 | PSNR: 31.46 | LR: 0.00018934
2026-05-23 22:41:40 -              Trainer: [    INFO] - Epoch [102/600] completed in 157.67s | Loss: 0.0179 | PSNR: 31.35 | LR: 0.00018910
2026-05-23 22:44:18 -              Trainer: [    INFO] - Epoch [103/600] completed in 157.70s | Loss: 0.0178 | PSNR: 31.35 | LR: 0.00018886
2026-05-23 22:46:56 -              Trainer: [    INFO] - Epoch [104/600] completed in 158.05s | Loss: 0.0176 | PSNR: 31.42 | LR: 0.00018862
2026-05-23 22:49:34 -              Trainer: [    INFO] - Epoch [105/600] completed in 157.75s | Loss: 0.0176 | PSNR: 31.45 | LR: 0.00018838
2026-05-23 22:52:11 -              Trainer: [    INFO] - Epoch [106/600] completed in 157.77s | Loss: 0.0179 | PSNR: 31.32 | LR: 0.00018813
2026-05-23 22:53:06 -              Trainer: [    INFO] - Validating at iteration 57000...
2026-05-23 22:54:38 -              Trainer: [    INFO] - Validation results | PSNR=32.92
2026-05-23 22:56:22 -              Trainer: [    INFO] - Epoch [107/600] completed in 250.64s | Loss: 0.0177 | PSNR: 31.41 | LR: 0.00018788
2026-05-23 22:59:00 -              Trainer: [    INFO] - Epoch [108/600] completed in 157.77s | Loss: 0.0175 | PSNR: 31.52 | LR: 0.00018763
2026-05-23 23:01:38 -              Trainer: [    INFO] - Epoch [109/600] completed in 157.79s | Loss: 0.0174 | PSNR: 31.55 | LR: 0.00018738
2026-05-23 23:04:15 -              Trainer: [    INFO] - Epoch [110/600] completed in 157.94s | Loss: 0.0175 | PSNR: 31.53 | LR: 0.00018712
2026-05-23 23:06:53 -              Trainer: [    INFO] - Epoch [111/600] completed in 157.76s | Loss: 0.0174 | PSNR: 31.54 | LR: 0.00018686
2026-05-23 23:09:22 -              Trainer: [    INFO] - Validating at iteration 60000...
2026-05-23 23:10:54 -              Trainer: [    INFO] - Validation results | PSNR=33.16
2026-05-23 23:11:04 -              Trainer: [    INFO] - Epoch [112/600] completed in 250.63s | Loss: 0.0175 | PSNR: 31.49 | LR: 0.00018660
2026-05-23 23:13:42 -              Trainer: [    INFO] - Epoch [113/600] completed in 157.81s | Loss: 0.0175 | PSNR: 31.54 | LR: 0.00018634
2026-05-23 23:16:19 -              Trainer: [    INFO] - Epoch [114/600] completed in 157.57s | Loss: 0.0178 | PSNR: 31.35 | LR: 0.00018607
2026-05-23 23:18:57 -              Trainer: [    INFO] - Epoch [115/600] completed in 157.58s | Loss: 0.0176 | PSNR: 31.44 | LR: 0.00018581
2026-05-23 23:21:35 -              Trainer: [    INFO] - Epoch [116/600] completed in 157.86s | Loss: 0.0172 | PSNR: 31.60 | LR: 0.00018554
2026-05-23 23:24:12 -              Trainer: [    INFO] - Epoch [117/600] completed in 157.64s | Loss: 0.0174 | PSNR: 31.53 | LR: 0.00018526
2026-05-23 23:25:37 -              Trainer: [    INFO] - Validating at iteration 63000...
2026-05-23 23:27:10 -              Trainer: [    INFO] - Validation results | PSNR=32.42
2026-05-23 23:28:22 -              Trainer: [    INFO] - Epoch [118/600] completed in 250.12s | Loss: 0.0176 | PSNR: 31.40 | LR: 0.00018499
2026-05-23 23:31:00 -              Trainer: [    INFO] - Epoch [119/600] completed in 157.81s | Loss: 0.0174 | PSNR: 31.53 | LR: 0.00018471
2026-05-23 23:33:38 -              Trainer: [    INFO] - Epoch [120/600] completed in 157.58s | Loss: 0.0170 | PSNR: 31.71 | LR: 0.00018443
2026-05-23 23:36:15 -              Trainer: [    INFO] - Epoch [121/600] completed in 157.62s | Loss: 0.0172 | PSNR: 31.68 | LR: 0.00018415
2026-05-23 23:38:53 -              Trainer: [    INFO] - Epoch [122/600] completed in 157.67s | Loss: 0.0174 | PSNR: 31.57 | LR: 0.00018387
2026-05-23 23:41:31 -              Trainer: [    INFO] - Epoch [123/600] completed in 157.79s | Loss: 0.0178 | PSNR: 31.38 | LR: 0.00018358
2026-05-23 23:41:52 -              Trainer: [    INFO] - Validating at iteration 66000...
2026-05-23 23:43:25 -              Trainer: [    INFO] - Validation results | PSNR=33.44
2026-05-23 23:43:25 -              Trainer: [    INFO] - Saved new best model at iter 66000 with PSNR 33.44 to ./checkpoints/model_best.pth
2026-05-23 23:45:41 -              Trainer: [    INFO] - Epoch [124/600] completed in 250.43s | Loss: 0.0170 | PSNR: 31.73 | LR: 0.00018329
2026-05-23 23:48:19 -              Trainer: [    INFO] - Epoch [125/600] completed in 157.78s | Loss: 0.0171 | PSNR: 31.70 | LR: 0.00018300
2026-05-23 23:50:57 -              Trainer: [    INFO] - Epoch [126/600] completed in 157.68s | Loss: 0.0173 | PSNR: 31.68 | LR: 0.00018271
2026-05-23 23:53:35 -              Trainer: [    INFO] - Epoch [127/600] completed in 157.81s | Loss: 0.0171 | PSNR: 31.75 | LR: 0.00018241
2026-05-23 23:56:13 -              Trainer: [    INFO] - Epoch [128/600] completed in 157.85s | Loss: 0.0169 | PSNR: 31.84 | LR: 0.00018211
2026-05-23 23:58:08 -              Trainer: [    INFO] - Validating at iteration 69000...
2026-05-23 23:59:40 -              Trainer: [    INFO] - Validation results | PSNR=33.32
2026-05-24 00:00:23 -              Trainer: [    INFO] - Epoch [129/600] completed in 250.11s | Loss: 0.0174 | PSNR: 31.58 | LR: 0.00018181
2026-05-24 00:03:00 -              Trainer: [    INFO] - Epoch [130/600] completed in 157.68s | Loss: 0.0173 | PSNR: 31.62 | LR: 0.00018151
2026-05-24 00:05:38 -              Trainer: [    INFO] - Epoch [131/600] completed in 157.91s | Loss: 0.0169 | PSNR: 31.77 | LR: 0.00018121
2026-05-24 00:08:16 -              Trainer: [    INFO] - Epoch [132/600] completed in 157.74s | Loss: 0.0171 | PSNR: 31.71 | LR: 0.00018090
2026-05-24 00:10:54 -              Trainer: [    INFO] - Epoch [133/600] completed in 157.63s | Loss: 0.0169 | PSNR: 31.88 | LR: 0.00018059
2026-05-24 00:13:32 -              Trainer: [    INFO] - Epoch [134/600] completed in 158.06s | Loss: 0.0170 | PSNR: 31.73 | LR: 0.00018028
2026-05-24 00:14:24 -              Trainer: [    INFO] - Validating at iteration 72000...
2026-05-24 00:15:56 -              Trainer: [    INFO] - Validation results | PSNR=33.59
2026-05-24 00:15:56 -              Trainer: [    INFO] - Saved new best model at iter 72000 with PSNR 33.59 to ./checkpoints/model_best.pth
2026-05-24 00:17:42 -              Trainer: [    INFO] - Epoch [135/600] completed in 250.09s | Loss: 0.0170 | PSNR: 31.73 | LR: 0.00017997
2026-05-24 00:20:19 -              Trainer: [    INFO] - Epoch [136/600] completed in 157.63s | Loss: 0.0172 | PSNR: 31.62 | LR: 0.00017965
2026-05-24 00:22:57 -              Trainer: [    INFO] - Epoch [137/600] completed in 157.88s | Loss: 0.0168 | PSNR: 31.86 | LR: 0.00017934
2026-05-24 00:25:35 -              Trainer: [    INFO] - Epoch [138/600] completed in 157.63s | Loss: 0.0168 | PSNR: 31.91 | LR: 0.00017902
2026-05-24 00:28:12 -              Trainer: [    INFO] - Epoch [139/600] completed in 157.57s | Loss: 0.0173 | PSNR: 31.65 | LR: 0.00017869
2026-05-24 00:30:38 -              Trainer: [    INFO] - Validating at iteration 75000...
2026-05-24 00:32:11 -              Trainer: [    INFO] - Validation results | PSNR=33.76
2026-05-24 00:32:12 -              Trainer: [    INFO] - Saved new best model at iter 75000 with PSNR 33.76 to ./checkpoints/model_best.pth
2026-05-24 00:32:24 -              Trainer: [    INFO] - Epoch [140/600] completed in 251.23s | Loss: 0.0169 | PSNR: 31.80 | LR: 0.00017837
2026-05-24 00:35:01 -              Trainer: [    INFO] - Epoch [141/600] completed in 157.58s | Loss: 0.0170 | PSNR: 31.79 | LR: 0.00017804
2026-05-24 00:37:39 -              Trainer: [    INFO] - Epoch [142/600] completed in 157.50s | Loss: 0.0168 | PSNR: 31.88 | LR: 0.00017771
2026-05-24 00:40:17 -              Trainer: [    INFO] - Epoch [143/600] completed in 157.76s | Loss: 0.0169 | PSNR: 31.84 | LR: 0.00017738
2026-05-24 00:42:54 -              Trainer: [    INFO] - Epoch [144/600] completed in 157.51s | Loss: 0.0168 | PSNR: 31.88 | LR: 0.00017705
2026-05-24 00:45:32 -              Trainer: [    INFO] - Epoch [145/600] completed in 157.77s | Loss: 0.0167 | PSNR: 31.90 | LR: 0.00017672
2026-05-24 00:46:54 -              Trainer: [    INFO] - Validating at iteration 78000...
2026-05-24 00:48:27 -              Trainer: [    INFO] - Validation results | PSNR=33.65
2026-05-24 00:49:42 -              Trainer: [    INFO] - Epoch [146/600] completed in 250.22s | Loss: 0.0168 | PSNR: 31.87 | LR: 0.00017638
2026-05-24 00:52:20 -              Trainer: [    INFO] - Epoch [147/600] completed in 157.55s | Loss: 0.0167 | PSNR: 31.88 | LR: 0.00017604
2026-05-24 00:54:57 -              Trainer: [    INFO] - Epoch [148/600] completed in 157.55s | Loss: 0.0166 | PSNR: 31.99 | LR: 0.00017570
2026-05-24 00:57:35 -              Trainer: [    INFO] - Epoch [149/600] completed in 157.74s | Loss: 0.0169 | PSNR: 31.85 | LR: 0.00017536
2026-05-24 01:00:12 -              Trainer: [    INFO] - Epoch [150/600] completed in 157.60s | Loss: 0.0168 | PSNR: 31.87 | LR: 0.00017501
2026-05-24 01:02:50 -              Trainer: [    INFO] - Epoch [151/600] completed in 157.75s | Loss: 0.0167 | PSNR: 31.93 | LR: 0.00017466
2026-05-24 01:03:09 -              Trainer: [    INFO] - Validating at iteration 81000...
2026-05-24 01:04:42 -              Trainer: [    INFO] - Validation results | PSNR=33.83
2026-05-24 01:04:42 -              Trainer: [    INFO] - Saved new best model at iter 81000 with PSNR 33.83 to ./checkpoints/model_best.pth
2026-05-24 01:07:01 -              Trainer: [    INFO] - Epoch [152/600] completed in 250.61s | Loss: 0.0166 | PSNR: 31.90 | LR: 0.00017431
2026-05-24 01:09:39 -              Trainer: [    INFO] - Epoch [153/600] completed in 157.70s | Loss: 0.0168 | PSNR: 31.90 | LR: 0.00017396
2026-05-24 01:12:16 -              Trainer: [    INFO] - Epoch [154/600] completed in 157.66s | Loss: 0.0167 | PSNR: 31.96 | LR: 0.00017361
2026-05-24 01:14:54 -              Trainer: [    INFO] - Epoch [155/600] completed in 157.91s | Loss: 0.0165 | PSNR: 32.01 | LR: 0.00017325
2026-05-24 01:17:32 -              Trainer: [    INFO] - Epoch [156/600] completed in 157.87s | Loss: 0.0167 | PSNR: 31.97 | LR: 0.00017290
2026-05-24 01:19:25 -              Trainer: [    INFO] - Validating at iteration 84000...
2026-05-24 01:20:58 -              Trainer: [    INFO] - Validation results | PSNR=33.81
2026-05-24 01:21:42 -              Trainer: [    INFO] - Epoch [157/600] completed in 250.27s | Loss: 0.0165 | PSNR: 32.06 | LR: 0.00017254
2026-05-24 01:24:20 -              Trainer: [    INFO] - Epoch [158/600] completed in 157.86s | Loss: 0.0166 | PSNR: 32.02 | LR: 0.00017218
2026-05-24 01:26:58 -              Trainer: [    INFO] - Epoch [159/600] completed in 157.71s | Loss: 0.0168 | PSNR: 31.90 | LR: 0.00017181
2026-05-24 01:29:36 -              Trainer: [    INFO] - Epoch [160/600] completed in 157.67s | Loss: 0.0165 | PSNR: 32.01 | LR: 0.00017145
2026-05-24 01:32:13 -              Trainer: [    INFO] - Epoch [161/600] completed in 157.84s | Loss: 0.0165 | PSNR: 32.02 | LR: 0.00017108
2026-05-24 01:34:51 -              Trainer: [    INFO] - Epoch [162/600] completed in 157.67s | Loss: 0.0163 | PSNR: 32.14 | LR: 0.00017071
2026-05-24 01:35:41 -              Trainer: [    INFO] - Validating at iteration 87000...
2026-05-24 01:37:14 -              Trainer: [    INFO] - Validation results | PSNR=34.06
2026-05-24 01:37:14 -              Trainer: [    INFO] - Saved new best model at iter 87000 with PSNR 34.06 to ./checkpoints/model_best.pth
2026-05-24 01:39:02 -              Trainer: [    INFO] - Epoch [163/600] completed in 251.17s | Loss: 0.0166 | PSNR: 31.99 | LR: 0.00017034
2026-05-24 01:41:40 -              Trainer: [    INFO] - Epoch [164/600] completed in 157.92s | Loss: 0.0166 | PSNR: 31.99 | LR: 0.00016997
2026-05-24 01:44:18 -              Trainer: [    INFO] - Epoch [165/600] completed in 157.63s | Loss: 0.0164 | PSNR: 32.12 | LR: 0.00016959
2026-05-24 01:46:55 -              Trainer: [    INFO] - Epoch [166/600] completed in 157.64s | Loss: 0.0162 | PSNR: 32.18 | LR: 0.00016921
2026-05-24 01:49:33 -              Trainer: [    INFO] - Epoch [167/600] completed in 157.78s | Loss: 0.0162 | PSNR: 32.15 | LR: 0.00016884
2026-05-24 01:51:57 -              Trainer: [    INFO] - Validating at iteration 90000...
2026-05-24 01:53:31 -              Trainer: [    INFO] - Validation results | PSNR=33.99
2026-05-24 01:53:45 -              Trainer: [    INFO] - Epoch [168/600] completed in 251.92s | Loss: 0.0162 | PSNR: 32.25 | LR: 0.00016845
2026-05-24 01:56:23 -              Trainer: [    INFO] - Epoch [169/600] completed in 157.59s | Loss: 0.0162 | PSNR: 32.24 | LR: 0.00016807
2026-05-24 01:59:00 -              Trainer: [    INFO] - Epoch [170/600] completed in 157.68s | Loss: 0.0163 | PSNR: 32.16 | LR: 0.00016769
2026-05-24 02:01:38 -              Trainer: [    INFO] - Epoch [171/600] completed in 157.62s | Loss: 0.0164 | PSNR: 32.11 | LR: 0.00016730
2026-05-24 02:04:16 -              Trainer: [    INFO] - Epoch [172/600] completed in 157.78s | Loss: 0.0160 | PSNR: 32.32 | LR: 0.00016691
2026-05-24 02:06:54 -              Trainer: [    INFO] - Epoch [173/600] completed in 157.82s | Loss: 0.0162 | PSNR: 32.22 | LR: 0.00016652
2026-05-24 02:08:14 -              Trainer: [    INFO] - Validating at iteration 93000...
2026-05-24 02:09:48 -              Trainer: [    INFO] - Validation results | PSNR=33.84
2026-05-24 02:11:05 -              Trainer: [    INFO] - Epoch [174/600] completed in 251.63s | Loss: 0.0161 | PSNR: 32.29 | LR: 0.00016613
2026-05-24 02:13:43 -              Trainer: [    INFO] - Epoch [175/600] completed in 157.98s | Loss: 0.0162 | PSNR: 32.23 | LR: 0.00016574
2026-05-24 02:16:21 -              Trainer: [    INFO] - Epoch [176/600] completed in 158.22s | Loss: 0.0163 | PSNR: 32.21 | LR: 0.00016534
2026-05-24 02:18:59 -              Trainer: [    INFO] - Epoch [177/600] completed in 157.69s | Loss: 0.0162 | PSNR: 32.24 | LR: 0.00016494
2026-05-24 02:21:37 -              Trainer: [    INFO] - Epoch [178/600] completed in 157.81s | Loss: 0.0163 | PSNR: 32.21 | LR: 0.00016455
2026-05-24 02:24:15 -              Trainer: [    INFO] - Epoch [179/600] completed in 157.91s | Loss: 0.0160 | PSNR: 32.35 | LR: 0.00016414
2026-05-24 02:24:32 -              Trainer: [    INFO] - Validating at iteration 96000...
2026-05-24 02:26:04 -              Trainer: [    INFO] - Validation results | PSNR=34.14
2026-05-24 02:26:05 -              Trainer: [    INFO] - Saved new best model at iter 96000 with PSNR 34.14 to ./checkpoints/model_best.pth
2026-05-24 02:28:26 -              Trainer: [    INFO] - Epoch [180/600] completed in 250.95s | Loss: 0.0159 | PSNR: 32.31 | LR: 0.00016374
2026-05-24 02:31:04 -              Trainer: [    INFO] - Epoch [181/600] completed in 157.78s | Loss: 0.0161 | PSNR: 32.29 | LR: 0.00016334
2026-05-24 02:33:41 -              Trainer: [    INFO] - Epoch [182/600] completed in 157.90s | Loss: 0.0162 | PSNR: 32.17 | LR: 0.00016293
2026-05-24 02:36:19 -              Trainer: [    INFO] - Epoch [183/600] completed in 157.64s | Loss: 0.0160 | PSNR: 32.29 | LR: 0.00016252
2026-05-24 02:38:57 -              Trainer: [    INFO] - Epoch [184/600] completed in 157.80s | Loss: 0.0160 | PSNR: 32.29 | LR: 0.00016211
2026-05-24 02:40:48 -              Trainer: [    INFO] - Validating at iteration 99000...
2026-05-24 02:42:21 -              Trainer: [    INFO] - Validation results | PSNR=34.13
2026-05-24 02:43:08 -              Trainer: [    INFO] - Epoch [185/600] completed in 250.93s | Loss: 0.0163 | PSNR: 32.20 | LR: 0.00016170
2026-05-24 02:45:46 -              Trainer: [    INFO] - Epoch [186/600] completed in 157.85s | Loss: 0.0158 | PSNR: 32.42 | LR: 0.00016129
2026-05-24 02:48:23 -              Trainer: [    INFO] - Epoch [187/600] completed in 157.83s | Loss: 0.0159 | PSNR: 32.36 | LR: 0.00016088
2026-05-24 02:51:01 -              Trainer: [    INFO] - Epoch [188/600] completed in 157.95s | Loss: 0.0159 | PSNR: 32.43 | LR: 0.00016046
2026-05-24 02:53:39 -              Trainer: [    INFO] - Epoch [189/600] completed in 157.70s | Loss: 0.0159 | PSNR: 32.37 | LR: 0.00016004
2026-05-24 02:56:17 -              Trainer: [    INFO] - Epoch [190/600] completed in 157.61s | Loss: 0.0159 | PSNR: 32.34 | LR: 0.00015962
2026-05-24 02:57:04 -              Trainer: [    INFO] - Validating at iteration 102000...
2026-05-24 02:58:36 -              Trainer: [    INFO] - Validation results | PSNR=34.44
2026-05-24 02:58:37 -              Trainer: [    INFO] - Saved new best model at iter 102000 with PSNR 34.44 to ./checkpoints/model_best.pth
2026-05-24 03:00:27 -              Trainer: [    INFO] - Epoch [191/600] completed in 250.40s | Loss: 0.0159 | PSNR: 32.36 | LR: 0.00015920
2026-05-24 03:03:05 -              Trainer: [    INFO] - Epoch [192/600] completed in 157.62s | Loss: 0.0158 | PSNR: 32.44 | LR: 0.00015878
2026-05-24 03:05:42 -              Trainer: [    INFO] - Epoch [193/600] completed in 157.67s | Loss: 0.0158 | PSNR: 32.45 | LR: 0.00015835
2026-05-24 03:08:20 -              Trainer: [    INFO] - Epoch [194/600] completed in 157.83s | Loss: 0.0157 | PSNR: 32.49 | LR: 0.00015793
2026-05-24 03:10:58 -              Trainer: [    INFO] - Epoch [195/600] completed in 157.62s | Loss: 0.0157 | PSNR: 32.45 | LR: 0.00015750
2026-05-24 03:13:19 -              Trainer: [    INFO] - Validating at iteration 105000...
2026-05-24 03:14:53 -              Trainer: [    INFO] - Validation results | PSNR=34.00
2026-05-24 03:15:09 -              Trainer: [    INFO] - Epoch [196/600] completed in 251.09s | Loss: 0.0159 | PSNR: 32.39 | LR: 0.00015707
2026-05-24 03:17:47 -              Trainer: [    INFO] - Epoch [197/600] completed in 157.80s | Loss: 0.0157 | PSNR: 32.48 | LR: 0.00015664
2026-05-24 03:20:25 -              Trainer: [    INFO] - Epoch [198/600] completed in 157.76s | Loss: 0.0157 | PSNR: 32.52 | LR: 0.00015621
2026-05-24 03:23:02 -              Trainer: [    INFO] - Epoch [199/600] completed in 157.64s | Loss: 0.0156 | PSNR: 32.53 | LR: 0.00015577
2026-05-24 03:25:40 -              Trainer: [    INFO] - Epoch [200/600] completed in 157.71s | Loss: 0.0157 | PSNR: 32.50 | LR: 0.00015534
2026-05-24 03:28:18 -              Trainer: [    INFO] - Epoch [201/600] completed in 157.60s | Loss: 0.0156 | PSNR: 32.57 | LR: 0.00015490
2026-05-24 03:29:35 -              Trainer: [    INFO] - Validating at iteration 108000...
2026-05-24 03:31:08 -              Trainer: [    INFO] - Validation results | PSNR=34.45
2026-05-24 03:31:08 -              Trainer: [    INFO] - Saved new best model at iter 108000 with PSNR 34.45 to ./checkpoints/model_best.pth
2026-05-24 03:32:28 -              Trainer: [    INFO] - Epoch [202/600] completed in 250.25s | Loss: 0.0157 | PSNR: 32.46 | LR: 0.00015446
2026-05-24 03:35:06 -              Trainer: [    INFO] - Epoch [203/600] completed in 157.77s | Loss: 0.0157 | PSNR: 32.51 | LR: 0.00015402
2026-05-24 03:37:43 -              Trainer: [    INFO] - Epoch [204/600] completed in 157.71s | Loss: 0.0157 | PSNR: 32.50 | LR: 0.00015358
2026-05-24 03:40:21 -              Trainer: [    INFO] - Epoch [205/600] completed in 157.59s | Loss: 0.0157 | PSNR: 32.53 | LR: 0.00015314
2026-05-24 03:42:59 -              Trainer: [    INFO] - Epoch [206/600] completed in 157.79s | Loss: 0.0155 | PSNR: 32.56 | LR: 0.00015270
2026-05-24 03:45:36 -              Trainer: [    INFO] - Epoch [207/600] completed in 157.66s | Loss: 0.0154 | PSNR: 32.68 | LR: 0.00015225
2026-05-24 03:45:51 -              Trainer: [    INFO] - Validating at iteration 111000...
2026-05-24 03:47:24 -              Trainer: [    INFO] - Validation results | PSNR=34.72
2026-05-24 03:47:24 -              Trainer: [    INFO] - Saved new best model at iter 111000 with PSNR 34.72 to ./checkpoints/model_best.pth
2026-05-24 03:49:47 -              Trainer: [    INFO] - Epoch [208/600] completed in 251.02s | Loss: 0.0156 | PSNR: 32.53 | LR: 0.00015180
2026-05-24 03:52:25 -              Trainer: [    INFO] - Epoch [209/600] completed in 157.84s | Loss: 0.0155 | PSNR: 32.58 | LR: 0.00015135
2026-05-24 03:55:03 -              Trainer: [    INFO] - Epoch [210/600] completed in 157.69s | Loss: 0.0157 | PSNR: 32.52 | LR: 0.00015090
2026-05-24 03:57:41 -              Trainer: [    INFO] - Epoch [211/600] completed in 157.61s | Loss: 0.0155 | PSNR: 32.66 | LR: 0.00015045
2026-05-24 04:00:18 -              Trainer: [    INFO] - Epoch [212/600] completed in 157.88s | Loss: 0.0154 | PSNR: 32.66 | LR: 0.00015000
2026-05-24 04:02:07 -              Trainer: [    INFO] - Validating at iteration 114000...
2026-05-24 04:03:39 -              Trainer: [    INFO] - Validation results | PSNR=34.35
2026-05-24 04:04:28 -              Trainer: [    INFO] - Epoch [213/600] completed in 249.96s | Loss: 0.0156 | PSNR: 32.60 | LR: 0.00014955
2026-05-24 04:07:06 -              Trainer: [    INFO] - Epoch [214/600] completed in 157.68s | Loss: 0.0153 | PSNR: 32.73 | LR: 0.00014909
2026-05-24 04:09:44 -              Trainer: [    INFO] - Epoch [215/600] completed in 157.88s | Loss: 0.0154 | PSNR: 32.67 | LR: 0.00014863
2026-05-24 04:12:22 -              Trainer: [    INFO] - Epoch [216/600] completed in 157.61s | Loss: 0.0153 | PSNR: 32.72 | LR: 0.00014818
2026-05-24 04:14:59 -              Trainer: [    INFO] - Epoch [217/600] completed in 157.66s | Loss: 0.0154 | PSNR: 32.61 | LR: 0.00014772
2026-05-24 04:17:37 -              Trainer: [    INFO] - Epoch [218/600] completed in 157.79s | Loss: 0.0155 | PSNR: 32.62 | LR: 0.00014726
2026-05-24 04:18:22 -              Trainer: [    INFO] - Validating at iteration 117000...
2026-05-24 04:19:55 -              Trainer: [    INFO] - Validation results | PSNR=34.77
2026-05-24 04:19:55 -              Trainer: [    INFO] - Saved new best model at iter 117000 with PSNR 34.77 to ./checkpoints/model_best.pth
2026-05-24 04:21:48 -              Trainer: [    INFO] - Epoch [219/600] completed in 250.69s | Loss: 0.0153 | PSNR: 32.71 | LR: 0.00014679
2026-05-24 04:24:25 -              Trainer: [    INFO] - Epoch [220/600] completed in 157.55s | Loss: 0.0154 | PSNR: 32.69 | LR: 0.00014633
2026-05-24 04:27:03 -              Trainer: [    INFO] - Epoch [221/600] completed in 157.98s | Loss: 0.0154 | PSNR: 32.62 | LR: 0.00014586
2026-05-24 04:29:41 -              Trainer: [    INFO] - Epoch [222/600] completed in 157.61s | Loss: 0.0154 | PSNR: 32.66 | LR: 0.00014540
2026-05-24 04:32:19 -              Trainer: [    INFO] - Epoch [223/600] completed in 157.73s | Loss: 0.0155 | PSNR: 32.60 | LR: 0.00014493
2026-05-24 04:34:38 -              Trainer: [    INFO] - Validating at iteration 120000...
2026-05-24 04:36:10 -              Trainer: [    INFO] - Validation results | PSNR=34.23
2026-05-24 04:36:29 -              Trainer: [    INFO] - Epoch [224/600] completed in 250.27s | Loss: 0.0154 | PSNR: 32.64 | LR: 0.00014446
2026-05-24 04:39:06 -              Trainer: [    INFO] - Epoch [225/600] completed in 157.53s | Loss: 0.0153 | PSNR: 32.73 | LR: 0.00014399
2026-05-24 04:41:44 -              Trainer: [    INFO] - Epoch [226/600] completed in 157.60s | Loss: 0.0153 | PSNR: 32.73 | LR: 0.00014352
2026-05-24 04:44:22 -              Trainer: [    INFO] - Epoch [227/600] completed in 157.88s | Loss: 0.0152 | PSNR: 32.76 | LR: 0.00014305
2026-05-24 04:46:59 -              Trainer: [    INFO] - Epoch [228/600] completed in 157.54s | Loss: 0.0153 | PSNR: 32.71 | LR: 0.00014258
2026-05-24 04:49:37 -              Trainer: [    INFO] - Epoch [229/600] completed in 157.56s | Loss: 0.0151 | PSNR: 32.82 | LR: 0.00014210
2026-05-24 04:50:53 -              Trainer: [    INFO] - Validating at iteration 123000...
2026-05-24 04:52:25 -              Trainer: [    INFO] - Validation results | PSNR=34.55
2026-05-24 04:53:47 -              Trainer: [    INFO] - Epoch [230/600] completed in 250.34s | Loss: 0.0151 | PSNR: 32.85 | LR: 0.00014163
2026-05-24 04:56:25 -              Trainer: [    INFO] - Epoch [231/600] completed in 157.57s | Loss: 0.0150 | PSNR: 32.87 | LR: 0.00014115
2026-05-24 04:59:02 -              Trainer: [    INFO] - Epoch [232/600] completed in 157.52s | Loss: 0.0151 | PSNR: 32.87 | LR: 0.00014067
2026-05-24 05:01:40 -              Trainer: [    INFO] - Epoch [233/600] completed in 157.79s | Loss: 0.0150 | PSNR: 32.88 | LR: 0.00014019
2026-05-24 05:04:18 -              Trainer: [    INFO] - Epoch [234/600] completed in 157.54s | Loss: 0.0152 | PSNR: 32.80 | LR: 0.00013971
2026-05-24 05:06:55 -              Trainer: [    INFO] - Epoch [235/600] completed in 157.72s | Loss: 0.0150 | PSNR: 32.88 | LR: 0.00013923
2026-05-24 05:07:08 -              Trainer: [    INFO] - Validating at iteration 126000...
2026-05-24 05:08:40 -              Trainer: [    INFO] - Validation results | PSNR=34.79
2026-05-24 05:08:41 -              Trainer: [    INFO] - Saved new best model at iter 126000 with PSNR 34.79 to ./checkpoints/model_best.pth
2026-05-24 05:11:06 -              Trainer: [    INFO] - Epoch [236/600] completed in 250.77s | Loss: 0.0151 | PSNR: 32.83 | LR: 0.00013875
2026-05-24 05:13:44 -              Trainer: [    INFO] - Epoch [237/600] completed in 157.51s | Loss: 0.0151 | PSNR: 32.82 | LR: 0.00013827
2026-05-24 05:16:21 -              Trainer: [    INFO] - Epoch [238/600] completed in 157.58s | Loss: 0.0151 | PSNR: 32.88 | LR: 0.00013778
2026-05-24 05:18:59 -              Trainer: [    INFO] - Epoch [239/600] completed in 157.88s | Loss: 0.0151 | PSNR: 32.87 | LR: 0.00013730
2026-05-24 05:21:37 -              Trainer: [    INFO] - Epoch [240/600] completed in 157.57s | Loss: 0.0150 | PSNR: 32.87 | LR: 0.00013681
2026-05-24 05:23:23 -              Trainer: [    INFO] - Validating at iteration 129000...
2026-05-24 05:24:55 -              Trainer: [    INFO] - Validation results | PSNR=34.97
2026-05-24 05:24:55 -              Trainer: [    INFO] - Saved new best model at iter 129000 with PSNR 34.97 to ./checkpoints/model_best.pth
2026-05-24 05:25:47 -              Trainer: [    INFO] - Epoch [241/600] completed in 250.03s | Loss: 0.0150 | PSNR: 32.91 | LR: 0.00013633
2026-05-24 05:28:24 -              Trainer: [    INFO] - Epoch [242/600] completed in 157.50s | Loss: 0.0149 | PSNR: 32.94 | LR: 0.00013584
2026-05-24 05:31:02 -              Trainer: [    INFO] - Epoch [243/600] completed in 157.34s | Loss: 0.0150 | PSNR: 32.91 | LR: 0.00013535
2026-05-24 05:33:39 -              Trainer: [    INFO] - Epoch [244/600] completed in 157.43s | Loss: 0.0151 | PSNR: 32.87 | LR: 0.00013486
2026-05-24 05:36:17 -              Trainer: [    INFO] - Epoch [245/600] completed in 157.61s | Loss: 0.0151 | PSNR: 32.91 | LR: 0.00013437
2026-05-24 05:38:54 -              Trainer: [    INFO] - Epoch [246/600] completed in 157.40s | Loss: 0.0149 | PSNR: 32.93 | LR: 0.00013387
2026-05-24 05:39:37 -              Trainer: [    INFO] - Validating at iteration 132000...
2026-05-24 05:41:09 -              Trainer: [    INFO] - Validation results | PSNR=34.77
2026-05-24 05:43:04 -              Trainer: [    INFO] - Epoch [247/600] completed in 249.54s | Loss: 0.0150 | PSNR: 32.88 | LR: 0.00013338
2026-05-24 05:45:42 -              Trainer: [    INFO] - Epoch [248/600] completed in 157.91s | Loss: 0.0148 | PSNR: 33.01 | LR: 0.00013289
2026-05-24 05:48:19 -              Trainer: [    INFO] - Epoch [249/600] completed in 157.45s | Loss: 0.0150 | PSNR: 32.88 | LR: 0.00013239
2026-05-24 05:50:57 -              Trainer: [    INFO] - Epoch [250/600] completed in 157.60s | Loss: 0.0149 | PSNR: 32.91 | LR: 0.00013190
2026-05-24 05:53:34 -              Trainer: [    INFO] - Epoch [251/600] completed in 157.78s | Loss: 0.0149 | PSNR: 32.95 | LR: 0.00013140
2026-05-24 05:55:51 -              Trainer: [    INFO] - Validating at iteration 135000...
2026-05-24 05:57:23 -              Trainer: [    INFO] - Validation results | PSNR=35.08
2026-05-24 05:57:23 -              Trainer: [    INFO] - Saved new best model at iter 135000 with PSNR 35.08 to ./checkpoints/model_best.pth
2026-05-24 05:57:45 -              Trainer: [    INFO] - Epoch [252/600] completed in 250.22s | Loss: 0.0149 | PSNR: 32.94 | LR: 0.00013090
2026-05-24 06:00:22 -              Trainer: [    INFO] - Epoch [253/600] completed in 157.74s | Loss: 0.0148 | PSNR: 33.01 | LR: 0.00013040
2026-05-24 06:03:00 -              Trainer: [    INFO] - Epoch [254/600] completed in 157.46s | Loss: 0.0148 | PSNR: 32.97 | LR: 0.00012990
2026-05-24 06:05:37 -              Trainer: [    INFO] - Epoch [255/600] completed in 157.48s | Loss: 0.0148 | PSNR: 32.97 | LR: 0.00012940
2026-05-24 06:08:15 -              Trainer: [    INFO] - Epoch [256/600] completed in 157.63s | Loss: 0.0150 | PSNR: 32.90 | LR: 0.00012890
2026-05-24 06:10:53 -              Trainer: [    INFO] - Epoch [257/600] completed in 157.67s | Loss: 0.0150 | PSNR: 32.91 | LR: 0.00012840
2026-05-24 06:12:06 -              Trainer: [    INFO] - Validating at iteration 138000...
2026-05-24 06:13:38 -              Trainer: [    INFO] - Validation results | PSNR=34.89
2026-05-24 06:15:02 -              Trainer: [    INFO] - Epoch [258/600] completed in 249.84s | Loss: 0.0148 | PSNR: 33.00 | LR: 0.00012790
2026-05-24 06:17:40 -              Trainer: [    INFO] - Epoch [259/600] completed in 157.48s | Loss: 0.0148 | PSNR: 32.99 | LR: 0.00012740
2026-05-24 06:20:17 -              Trainer: [    INFO] - Epoch [260/600] completed in 157.38s | Loss: 0.0148 | PSNR: 33.03 | LR: 0.00012689
2026-05-24 06:22:55 -              Trainer: [    INFO] - Epoch [261/600] completed in 157.34s | Loss: 0.0148 | PSNR: 33.03 | LR: 0.00012639
2026-05-24 06:25:32 -              Trainer: [    INFO] - Epoch [262/600] completed in 157.63s | Loss: 0.0148 | PSNR: 33.00 | LR: 0.00012588
2026-05-24 06:28:10 -              Trainer: [    INFO] - Epoch [263/600] completed in 157.55s | Loss: 0.0148 | PSNR: 33.02 | LR: 0.00012538
2026-05-24 06:28:20 -              Trainer: [    INFO] - Validating at iteration 141000...
2026-05-24 06:29:52 -              Trainer: [    INFO] - Validation results | PSNR=35.17
2026-05-24 06:29:52 -              Trainer: [    INFO] - Saved new best model at iter 141000 with PSNR 35.17 to ./checkpoints/model_best.pth
2026-05-24 06:32:20 -              Trainer: [    INFO] - Epoch [264/600] completed in 250.16s | Loss: 0.0148 | PSNR: 33.00 | LR: 0.00012487
2026-05-24 06:34:58 -              Trainer: [    INFO] - Epoch [265/600] completed in 157.68s | Loss: 0.0147 | PSNR: 33.02 | LR: 0.00012436
2026-05-24 06:37:35 -              Trainer: [    INFO] - Epoch [266/600] completed in 157.39s | Loss: 0.0147 | PSNR: 33.05 | LR: 0.00012385
2026-05-24 06:40:12 -              Trainer: [    INFO] - Epoch [267/600] completed in 157.36s | Loss: 0.0148 | PSNR: 32.97 | LR: 0.00012334
2026-05-24 06:42:50 -              Trainer: [    INFO] - Epoch [268/600] completed in 157.63s | Loss: 0.0147 | PSNR: 33.06 | LR: 0.00012284
2026-05-24 06:44:34 -              Trainer: [    INFO] - Validating at iteration 144000...
2026-05-24 06:46:06 -              Trainer: [    INFO] - Validation results | PSNR=35.23
2026-05-24 06:46:06 -              Trainer: [    INFO] - Saved new best model at iter 144000 with PSNR 35.23 to ./checkpoints/model_best.pth
2026-05-24 06:47:00 -              Trainer: [    INFO] - Epoch [269/600] completed in 249.98s | Loss: 0.0147 | PSNR: 33.01 | LR: 0.00012233
2026-05-24 06:49:37 -              Trainer: [    INFO] - Epoch [270/600] completed in 157.43s | Loss: 0.0147 | PSNR: 33.07 | LR: 0.00012181
2026-05-24 06:52:15 -              Trainer: [    INFO] - Epoch [271/600] completed in 157.56s | Loss: 0.0146 | PSNR: 33.14 | LR: 0.00012130
2026-05-24 06:54:52 -              Trainer: [    INFO] - Epoch [272/600] completed in 157.46s | Loss: 0.0145 | PSNR: 33.14 | LR: 0.00012079
2026-05-24 06:57:30 -              Trainer: [    INFO] - Epoch [273/600] completed in 157.51s | Loss: 0.0147 | PSNR: 33.03 | LR: 0.00012028
2026-05-24 07:00:08 -              Trainer: [    INFO] - Epoch [274/600] completed in 157.53s | Loss: 0.0146 | PSNR: 33.16 | LR: 0.00011977
2026-05-24 07:00:48 -              Trainer: [    INFO] - Validating at iteration 147000...
2026-05-24 07:02:21 -              Trainer: [    INFO] - Validation results | PSNR=35.23
2026-05-24 07:04:18 -              Trainer: [    INFO] - Epoch [275/600] completed in 250.50s | Loss: 0.0145 | PSNR: 33.15 | LR: 0.00011925
2026-05-24 07:06:56 -              Trainer: [    INFO] - Epoch [276/600] completed in 157.57s | Loss: 0.0146 | PSNR: 33.11 | LR: 0.00011874
2026-05-24 07:09:33 -              Trainer: [    INFO] - Epoch [277/600] completed in 157.59s | Loss: 0.0146 | PSNR: 33.12 | LR: 0.00011822
2026-05-24 07:12:11 -              Trainer: [    INFO] - Epoch [278/600] completed in 157.47s | Loss: 0.0146 | PSNR: 33.14 | LR: 0.00011771
2026-05-24 07:14:48 -              Trainer: [    INFO] - Epoch [279/600] completed in 157.37s | Loss: 0.0145 | PSNR: 33.18 | LR: 0.00011719
2026-05-24 07:17:02 -              Trainer: [    INFO] - Validating at iteration 150000...
2026-05-24 07:18:35 -              Trainer: [    INFO] - Validation results | PSNR=35.16
2026-05-24 07:18:59 -              Trainer: [    INFO] - Epoch [280/600] completed in 250.90s | Loss: 0.0146 | PSNR: 33.13 | LR: 0.00011668
2026-05-24 07:21:36 -              Trainer: [    INFO] - Epoch [281/600] completed in 157.35s | Loss: 0.0146 | PSNR: 33.12 | LR: 0.00011616
2026-05-24 07:24:14 -              Trainer: [    INFO] - Epoch [282/600] completed in 157.35s | Loss: 0.0145 | PSNR: 33.23 | LR: 0.00011564
2026-05-24 07:26:51 -              Trainer: [    INFO] - Epoch [283/600] completed in 157.58s | Loss: 0.0145 | PSNR: 33.19 | LR: 0.00011513
2026-05-24 07:29:29 -              Trainer: [    INFO] - Epoch [284/600] completed in 157.44s | Loss: 0.0145 | PSNR: 33.15 | LR: 0.00011461
2026-05-24 07:32:06 -              Trainer: [    INFO] - Epoch [285/600] completed in 157.48s | Loss: 0.0145 | PSNR: 33.16 | LR: 0.00011409
2026-05-24 07:33:17 -              Trainer: [    INFO] - Validating at iteration 153000...
2026-05-24 07:34:50 -              Trainer: [    INFO] - Validation results | PSNR=35.22
2026-05-24 07:36:17 -              Trainer: [    INFO] - Epoch [286/600] completed in 250.77s | Loss: 0.0144 | PSNR: 33.24 | LR: 0.00011357
2026-05-24 07:38:54 -              Trainer: [    INFO] - Epoch [287/600] completed in 157.33s | Loss: 0.0145 | PSNR: 33.24 | LR: 0.00011305
2026-05-24 07:41:32 -              Trainer: [    INFO] - Epoch [288/600] completed in 157.49s | Loss: 0.0145 | PSNR: 33.21 | LR: 0.00011253
2026-05-24 07:44:09 -              Trainer: [    INFO] - Epoch [289/600] completed in 157.64s | Loss: 0.0145 | PSNR: 33.19 | LR: 0.00011201
2026-05-24 07:46:47 -              Trainer: [    INFO] - Epoch [290/600] completed in 157.46s | Loss: 0.0144 | PSNR: 33.24 | LR: 0.00011149
2026-05-24 07:49:24 -              Trainer: [    INFO] - Epoch [291/600] completed in 157.45s | Loss: 0.0144 | PSNR: 33.20 | LR: 0.00011097
2026-05-24 07:49:32 -              Trainer: [    INFO] - Validating at iteration 156000...
2026-05-24 07:51:05 -              Trainer: [    INFO] - Validation results | PSNR=35.26
2026-05-24 07:51:05 -              Trainer: [    INFO] - Saved new best model at iter 156000 with PSNR 35.26 to ./checkpoints/model_best.pth
2026-05-24 07:53:35 -              Trainer: [    INFO] - Epoch [292/600] completed in 251.04s | Loss: 0.0145 | PSNR: 33.16 | LR: 0.00011045
2026-05-24 07:56:13 -              Trainer: [    INFO] - Epoch [293/600] completed in 157.44s | Loss: 0.0144 | PSNR: 33.19 | LR: 0.00010993
2026-05-24 07:58:50 -              Trainer: [    INFO] - Epoch [294/600] completed in 157.46s | Loss: 0.0145 | PSNR: 33.17 | LR: 0.00010941
2026-05-24 08:01:28 -              Trainer: [    INFO] - Epoch [295/600] completed in 157.58s | Loss: 0.0145 | PSNR: 33.16 | LR: 0.00010889
2026-05-24 08:04:05 -              Trainer: [    INFO] - Epoch [296/600] completed in 157.28s | Loss: 0.0144 | PSNR: 33.26 | LR: 0.00010837
2026-05-24 08:05:46 -              Trainer: [    INFO] - Validating at iteration 159000...
2026-05-24 08:07:18 -              Trainer: [    INFO] - Validation results | PSNR=35.26
2026-05-24 08:08:15 -              Trainer: [    INFO] - Epoch [297/600] completed in 249.63s | Loss: 0.0143 | PSNR: 33.31 | LR: 0.00010785
2026-05-24 08:10:52 -              Trainer: [    INFO] - Epoch [298/600] completed in 157.69s | Loss: 0.0144 | PSNR: 33.23 | LR: 0.00010732
2026-05-24 08:13:30 -              Trainer: [    INFO] - Epoch [299/600] completed in 157.39s | Loss: 0.0143 | PSNR: 33.28 | LR: 0.00010680
2026-05-24 08:16:07 -              Trainer: [    INFO] - Epoch [300/600] completed in 157.46s | Loss: 0.0144 | PSNR: 33.22 | LR: 0.00010628
2026-05-24 08:18:45 -              Trainer: [    INFO] - Epoch [301/600] completed in 157.88s | Loss: 0.0143 | PSNR: 33.28 | LR: 0.00010576
2026-05-24 08:21:23 -              Trainer: [    INFO] - Epoch [302/600] completed in 157.55s | Loss: 0.0143 | PSNR: 33.32 | LR: 0.00010523
2026-05-24 08:22:01 -              Trainer: [    INFO] - Validating at iteration 162000...
2026-05-24 08:23:33 -              Trainer: [    INFO] - Validation results | PSNR=35.31
2026-05-24 08:23:33 -              Trainer: [    INFO] - Saved new best model at iter 162000 with PSNR 35.31 to ./checkpoints/model_best.pth
2026-05-24 08:25:32 -              Trainer: [    INFO] - Epoch [303/600] completed in 249.75s | Loss: 0.0143 | PSNR: 33.31 | LR: 0.00010471
2026-05-24 08:28:10 -              Trainer: [    INFO] - Epoch [304/600] completed in 157.68s | Loss: 0.0143 | PSNR: 33.31 | LR: 0.00010419
2026-05-24 08:30:48 -              Trainer: [    INFO] - Epoch [305/600] completed in 157.43s | Loss: 0.0142 | PSNR: 33.38 | LR: 0.00010366
2026-05-24 08:33:25 -              Trainer: [    INFO] - Epoch [306/600] completed in 157.48s | Loss: 0.0144 | PSNR: 33.24 | LR: 0.00010314
2026-05-24 08:36:03 -              Trainer: [    INFO] - Epoch [307/600] completed in 157.59s | Loss: 0.0143 | PSNR: 33.30 | LR: 0.00010262
2026-05-24 08:38:14 -              Trainer: [    INFO] - Validating at iteration 165000...
2026-05-24 08:39:46 -              Trainer: [    INFO] - Validation results | PSNR=35.45
2026-05-24 08:39:47 -              Trainer: [    INFO] - Saved new best model at iter 165000 with PSNR 35.45 to ./checkpoints/model_best.pth
2026-05-24 08:40:13 -              Trainer: [    INFO] - Epoch [308/600] completed in 250.01s | Loss: 0.0143 | PSNR: 33.31 | LR: 0.00010209
2026-05-24 08:42:50 -              Trainer: [    INFO] - Epoch [309/600] completed in 157.36s | Loss: 0.0143 | PSNR: 33.29 | LR: 0.00010157
2026-05-24 08:45:28 -              Trainer: [    INFO] - Epoch [310/600] completed in 157.58s | Loss: 0.0143 | PSNR: 33.34 | LR: 0.00010105
2026-05-24 08:48:05 -              Trainer: [    INFO] - Epoch [311/600] completed in 157.60s | Loss: 0.0142 | PSNR: 33.31 | LR: 0.00010052
2026-05-24 08:50:43 -              Trainer: [    INFO] - Epoch [312/600] completed in 157.63s | Loss: 0.0142 | PSNR: 33.36 | LR: 0.00010000
2026-05-24 08:53:20 -              Trainer: [    INFO] - Epoch [313/600] completed in 157.55s | Loss: 0.0142 | PSNR: 33.33 | LR: 0.00009948
2026-05-24 08:54:29 -              Trainer: [    INFO] - Validating at iteration 168000...
2026-05-24 08:56:01 -              Trainer: [    INFO] - Validation results | PSNR=35.47
2026-05-24 08:56:02 -              Trainer: [    INFO] - Saved new best model at iter 168000 with PSNR 35.47 to ./checkpoints/model_best.pth
2026-05-24 08:57:31 -              Trainer: [    INFO] - Epoch [314/600] completed in 250.43s | Loss: 0.0142 | PSNR: 33.35 | LR: 0.00009895
2026-05-24 09:00:08 -              Trainer: [    INFO] - Epoch [315/600] completed in 157.25s | Loss: 0.0142 | PSNR: 33.35 | LR: 0.00009843
2026-05-24 09:02:46 -              Trainer: [    INFO] - Epoch [316/600] completed in 158.17s | Loss: 0.0143 | PSNR: 33.30 | LR: 0.00009791
2026-05-24 09:05:24 -              Trainer: [    INFO] - Epoch [317/600] completed in 157.52s | Loss: 0.0142 | PSNR: 33.37 | LR: 0.00009738
2026-05-24 09:08:01 -              Trainer: [    INFO] - Epoch [318/600] completed in 157.54s | Loss: 0.0141 | PSNR: 33.43 | LR: 0.00009686
2026-05-24 09:10:39 -              Trainer: [    INFO] - Epoch [319/600] completed in 157.61s | Loss: 0.0142 | PSNR: 33.33 | LR: 0.00009634
2026-05-24 09:10:44 -              Trainer: [    INFO] - Validating at iteration 171000...
2026-05-24 09:12:16 -              Trainer: [    INFO] - Validation results | PSNR=35.16
2026-05-24 09:14:48 -              Trainer: [    INFO] - Epoch [320/600] completed in 249.39s | Loss: 0.0142 | PSNR: 33.34 | LR: 0.00009581
2026-05-24 09:17:26 -              Trainer: [    INFO] - Epoch [321/600] completed in 157.64s | Loss: 0.0141 | PSNR: 33.41 | LR: 0.00009529
2026-05-24 09:20:04 -              Trainer: [    INFO] - Epoch [322/600] completed in 157.81s | Loss: 0.0142 | PSNR: 33.32 | LR: 0.00009477
2026-05-24 09:22:41 -              Trainer: [    INFO] - Epoch [323/600] completed in 157.53s | Loss: 0.0142 | PSNR: 33.38 | LR: 0.00009424
2026-05-24 09:25:19 -              Trainer: [    INFO] - Epoch [324/600] completed in 157.38s | Loss: 0.0141 | PSNR: 33.39 | LR: 0.00009372
2026-05-24 09:26:58 -              Trainer: [    INFO] - Validating at iteration 174000...
2026-05-24 09:28:30 -              Trainer: [    INFO] - Validation results | PSNR=35.67
2026-05-24 09:28:30 -              Trainer: [    INFO] - Saved new best model at iter 174000 with PSNR 35.67 to ./checkpoints/model_best.pth
2026-05-24 09:29:29 -              Trainer: [    INFO] - Epoch [325/600] completed in 250.04s | Loss: 0.0140 | PSNR: 33.45 | LR: 0.00009320
2026-05-24 09:32:06 -              Trainer: [    INFO] - Epoch [326/600] completed in 157.42s | Loss: 0.0141 | PSNR: 33.38 | LR: 0.00009268
2026-05-24 09:34:44 -              Trainer: [    INFO] - Epoch [327/600] completed in 157.44s | Loss: 0.0141 | PSNR: 33.47 | LR: 0.00009215
2026-05-24 09:37:21 -              Trainer: [    INFO] - Epoch [328/600] completed in 157.62s | Loss: 0.0141 | PSNR: 33.41 | LR: 0.00009163
2026-05-24 09:39:59 -              Trainer: [    INFO] - Epoch [329/600] completed in 157.48s | Loss: 0.0141 | PSNR: 33.41 | LR: 0.00009111
2026-05-24 09:42:36 -              Trainer: [    INFO] - Epoch [330/600] completed in 157.41s | Loss: 0.0141 | PSNR: 33.41 | LR: 0.00009059
2026-05-24 09:43:12 -              Trainer: [    INFO] - Validating at iteration 177000...
2026-05-24 09:44:44 -              Trainer: [    INFO] - Validation results | PSNR=35.65
2026-05-24 09:46:46 -              Trainer: [    INFO] - Epoch [331/600] completed in 250.10s | Loss: 0.0141 | PSNR: 33.36 | LR: 0.00009007
2026-05-24 09:49:24 -              Trainer: [    INFO] - Epoch [332/600] completed in 157.42s | Loss: 0.0140 | PSNR: 33.48 | LR: 0.00008955
2026-05-24 09:52:01 -              Trainer: [    INFO] - Epoch [333/600] completed in 157.40s | Loss: 0.0141 | PSNR: 33.38 | LR: 0.00008903
2026-05-24 09:54:39 -              Trainer: [    INFO] - Epoch [334/600] completed in 157.71s | Loss: 0.0140 | PSNR: 33.47 | LR: 0.00008851
2026-05-24 09:57:17 -              Trainer: [    INFO] - Epoch [335/600] completed in 157.80s | Loss: 0.0140 | PSNR: 33.43 | LR: 0.00008799
2026-05-24 09:59:26 -              Trainer: [    INFO] - Validating at iteration 180000...
2026-05-24 10:00:58 -              Trainer: [    INFO] - Validation results | PSNR=35.39
2026-05-24 10:01:26 -              Trainer: [    INFO] - Epoch [336/600] completed in 249.85s | Loss: 0.0140 | PSNR: 33.46 | LR: 0.00008747
2026-05-24 10:04:04 -              Trainer: [    INFO] - Epoch [337/600] completed in 157.64s | Loss: 0.0140 | PSNR: 33.46 | LR: 0.00008695
2026-05-24 10:06:41 -              Trainer: [    INFO] - Epoch [338/600] completed in 157.43s | Loss: 0.0141 | PSNR: 33.41 | LR: 0.00008643
2026-05-24 10:09:19 -              Trainer: [    INFO] - Epoch [339/600] completed in 157.45s | Loss: 0.0139 | PSNR: 33.46 | LR: 0.00008591
2026-05-24 10:11:57 -              Trainer: [    INFO] - Epoch [340/600] completed in 157.64s | Loss: 0.0141 | PSNR: 33.44 | LR: 0.00008539
2026-05-24 10:14:34 -              Trainer: [    INFO] - Epoch [341/600] completed in 157.47s | Loss: 0.0140 | PSNR: 33.39 | LR: 0.00008487
2026-05-24 10:15:40 -              Trainer: [    INFO] - Validating at iteration 183000...
2026-05-24 10:17:13 -              Trainer: [    INFO] - Validation results | PSNR=35.63
2026-05-24 10:18:44 -              Trainer: [    INFO] - Epoch [342/600] completed in 249.96s | Loss: 0.0139 | PSNR: 33.51 | LR: 0.00008436
2026-05-24 10:21:22 -              Trainer: [    INFO] - Epoch [343/600] completed in 157.64s | Loss: 0.0140 | PSNR: 33.46 | LR: 0.00008384
2026-05-24 10:23:59 -              Trainer: [    INFO] - Epoch [344/600] completed in 157.28s | Loss: 0.0140 | PSNR: 33.47 | LR: 0.00008332
2026-05-24 10:26:36 -              Trainer: [    INFO] - Epoch [345/600] completed in 157.44s | Loss: 0.0138 | PSNR: 33.59 | LR: 0.00008281
2026-05-24 10:29:14 -              Trainer: [    INFO] - Epoch [346/600] completed in 157.63s | Loss: 0.0139 | PSNR: 33.55 | LR: 0.00008229
2026-05-24 10:31:52 -              Trainer: [    INFO] - Epoch [347/600] completed in 157.55s | Loss: 0.0139 | PSNR: 33.53 | LR: 0.00008178
2026-05-24 10:31:54 -              Trainer: [    INFO] - Validating at iteration 186000...
2026-05-24 10:33:26 -              Trainer: [    INFO] - Validation results | PSNR=35.39
2026-05-24 10:36:01 -              Trainer: [    INFO] - Epoch [348/600] completed in 249.40s | Loss: 0.0139 | PSNR: 33.49 | LR: 0.00008126
2026-05-24 10:38:39 -              Trainer: [    INFO] - Epoch [349/600] completed in 157.61s | Loss: 0.0139 | PSNR: 33.53 | LR: 0.00008075
2026-05-24 10:41:16 -              Trainer: [    INFO] - Epoch [350/600] completed in 157.33s | Loss: 0.0138 | PSNR: 33.61 | LR: 0.00008023
2026-05-24 10:43:53 -              Trainer: [    INFO] - Epoch [351/600] completed in 157.49s | Loss: 0.0139 | PSNR: 33.51 | LR: 0.00007972
2026-05-24 10:46:31 -              Trainer: [    INFO] - Epoch [352/600] completed in 157.59s | Loss: 0.0138 | PSNR: 33.55 | LR: 0.00007921
2026-05-24 10:48:07 -              Trainer: [    INFO] - Validating at iteration 189000...
2026-05-24 10:49:40 -              Trainer: [    INFO] - Validation results | PSNR=35.47
2026-05-24 10:50:41 -              Trainer: [    INFO] - Epoch [353/600] completed in 249.62s | Loss: 0.0140 | PSNR: 33.48 | LR: 0.00007870
2026-05-24 10:53:18 -              Trainer: [    INFO] - Epoch [354/600] completed in 157.36s | Loss: 0.0139 | PSNR: 33.50 | LR: 0.00007819
2026-05-24 10:55:56 -              Trainer: [    INFO] - Epoch [355/600] completed in 157.62s | Loss: 0.0138 | PSNR: 33.56 | LR: 0.00007767
2026-05-24 10:58:33 -              Trainer: [    INFO] - Epoch [356/600] completed in 157.38s | Loss: 0.0139 | PSNR: 33.51 | LR: 0.00007716
2026-05-24 11:01:10 -              Trainer: [    INFO] - Epoch [357/600] completed in 157.43s | Loss: 0.0138 | PSNR: 33.57 | LR: 0.00007666
2026-05-24 11:03:48 -              Trainer: [    INFO] - Epoch [358/600] completed in 157.59s | Loss: 0.0138 | PSNR: 33.53 | LR: 0.00007615
2026-05-24 11:04:21 -              Trainer: [    INFO] - Validating at iteration 192000...
2026-05-24 11:05:54 -              Trainer: [    INFO] - Validation results | PSNR=35.73
2026-05-24 11:05:54 -              Trainer: [    INFO] - Saved new best model at iter 192000 with PSNR 35.73 to ./checkpoints/model_best.pth
2026-05-24 11:07:58 -              Trainer: [    INFO] - Epoch [359/600] completed in 250.24s | Loss: 0.0139 | PSNR: 33.51 | LR: 0.00007564
2026-05-24 11:10:36 -              Trainer: [    INFO] - Epoch [360/600] completed in 157.38s | Loss: 0.0137 | PSNR: 33.60 | LR: 0.00007513
2026-05-24 11:13:13 -              Trainer: [    INFO] - Epoch [361/600] completed in 157.58s | Loss: 0.0137 | PSNR: 33.60 | LR: 0.00007462
2026-05-24 11:15:51 -              Trainer: [    INFO] - Epoch [362/600] completed in 157.43s | Loss: 0.0139 | PSNR: 33.54 | LR: 0.00007412
2026-05-24 11:18:28 -              Trainer: [    INFO] - Epoch [363/600] completed in 157.47s | Loss: 0.0137 | PSNR: 33.61 | LR: 0.00007361
2026-05-24 11:20:35 -              Trainer: [    INFO] - Validating at iteration 195000...
2026-05-24 11:22:07 -              Trainer: [    INFO] - Validation results | PSNR=35.82
2026-05-24 11:22:08 -              Trainer: [    INFO] - Saved new best model at iter 195000 with PSNR 35.82 to ./checkpoints/model_best.pth
2026-05-24 11:22:38 -              Trainer: [    INFO] - Epoch [364/600] completed in 250.09s | Loss: 0.0138 | PSNR: 33.57 | LR: 0.00007311
2026-05-24 11:25:16 -              Trainer: [    INFO] - Epoch [365/600] completed in 157.44s | Loss: 0.0137 | PSNR: 33.60 | LR: 0.00007260
2026-05-24 11:27:53 -              Trainer: [    INFO] - Epoch [366/600] completed in 157.73s | Loss: 0.0137 | PSNR: 33.58 | LR: 0.00007210
2026-05-24 11:30:31 -              Trainer: [    INFO] - Epoch [367/600] completed in 157.50s | Loss: 0.0137 | PSNR: 33.69 | LR: 0.00007160
2026-05-24 11:33:08 -              Trainer: [    INFO] - Epoch [368/600] completed in 157.52s | Loss: 0.0137 | PSNR: 33.62 | LR: 0.00007110
2026-05-24 11:35:46 -              Trainer: [    INFO] - Epoch [369/600] completed in 157.85s | Loss: 0.0137 | PSNR: 33.62 | LR: 0.00007060
2026-05-24 11:36:50 -              Trainer: [    INFO] - Validating at iteration 198000...
2026-05-24 11:38:22 -              Trainer: [    INFO] - Validation results | PSNR=35.86
2026-05-24 11:38:23 -              Trainer: [    INFO] - Saved new best model at iter 198000 with PSNR 35.86 to ./checkpoints/model_best.pth
2026-05-24 11:39:57 -              Trainer: [    INFO] - Epoch [370/600] completed in 250.37s | Loss: 0.0137 | PSNR: 33.60 | LR: 0.00007010
2026-05-24 11:42:34 -              Trainer: [    INFO] - Epoch [371/600] completed in 157.49s | Loss: 0.0137 | PSNR: 33.66 | LR: 0.00006960
2026-05-24 11:45:12 -              Trainer: [    INFO] - Epoch [372/600] completed in 157.65s | Loss: 0.0137 | PSNR: 33.66 | LR: 0.00006910
2026-05-24 11:47:49 -              Trainer: [    INFO] - Epoch [373/600] completed in 157.48s | Loss: 0.0136 | PSNR: 33.73 | LR: 0.00006860
2026-05-24 11:50:27 -              Trainer: [    INFO] - Epoch [374/600] completed in 157.40s | Loss: 0.0137 | PSNR: 33.63 | LR: 0.00006810
2026-05-24 11:53:05 -              Trainer: [    INFO] - Validating at iteration 201000...
2026-05-24 11:54:37 -              Trainer: [    INFO] - Validation results | PSNR=35.79
2026-05-24 11:54:37 -              Trainer: [    INFO] - Epoch [375/600] completed in 250.74s | Loss: 0.0137 | PSNR: 33.61 | LR: 0.00006761
2026-05-24 11:57:15 -              Trainer: [    INFO] - Epoch [376/600] completed in 157.47s | Loss: 0.0136 | PSNR: 33.66 | LR: 0.00006711
2026-05-24 11:59:52 -              Trainer: [    INFO] - Epoch [377/600] completed in 157.44s | Loss: 0.0137 | PSNR: 33.66 | LR: 0.00006662
2026-05-24 12:02:30 -              Trainer: [    INFO] - Epoch [378/600] completed in 157.67s | Loss: 0.0137 | PSNR: 33.67 | LR: 0.00006613
2026-05-24 12:05:07 -              Trainer: [    INFO] - Epoch [379/600] completed in 157.49s | Loss: 0.0136 | PSNR: 33.68 | LR: 0.00006563
2026-05-24 12:07:45 -              Trainer: [    INFO] - Epoch [380/600] completed in 157.45s | Loss: 0.0136 | PSNR: 33.74 | LR: 0.00006514
2026-05-24 12:09:19 -              Trainer: [    INFO] - Validating at iteration 204000...
2026-05-24 12:10:52 -              Trainer: [    INFO] - Validation results | PSNR=35.83
2026-05-24 12:11:55 -              Trainer: [    INFO] - Epoch [381/600] completed in 250.13s | Loss: 0.0136 | PSNR: 33.71 | LR: 0.00006465
2026-05-24 12:14:33 -              Trainer: [    INFO] - Epoch [382/600] completed in 157.48s | Loss: 0.0137 | PSNR: 33.60 | LR: 0.00006416
2026-05-24 12:17:10 -              Trainer: [    INFO] - Epoch [383/600] completed in 157.40s | Loss: 0.0137 | PSNR: 33.68 | LR: 0.00006367
2026-05-24 12:19:48 -              Trainer: [    INFO] - Epoch [384/600] completed in 157.60s | Loss: 0.0136 | PSNR: 33.67 | LR: 0.00006319
2026-05-24 12:22:25 -              Trainer: [    INFO] - Epoch [385/600] completed in 157.32s | Loss: 0.0136 | PSNR: 33.67 | LR: 0.00006270
2026-05-24 12:25:02 -              Trainer: [    INFO] - Epoch [386/600] completed in 157.42s | Loss: 0.0136 | PSNR: 33.68 | LR: 0.00006222
2026-05-24 12:25:33 -              Trainer: [    INFO] - Validating at iteration 207000...
2026-05-24 12:27:07 -              Trainer: [    INFO] - Validation results | PSNR=35.84
2026-05-24 12:29:14 -              Trainer: [    INFO] - Epoch [387/600] completed in 251.23s | Loss: 0.0135 | PSNR: 33.74 | LR: 0.00006173
2026-05-24 12:31:51 -              Trainer: [    INFO] - Epoch [388/600] completed in 157.53s | Loss: 0.0136 | PSNR: 33.69 | LR: 0.00006125
2026-05-24 12:34:28 -              Trainer: [    INFO] - Epoch [389/600] completed in 157.46s | Loss: 0.0136 | PSNR: 33.69 | LR: 0.00006077
2026-05-24 12:37:06 -              Trainer: [    INFO] - Epoch [390/600] completed in 157.65s | Loss: 0.0136 | PSNR: 33.68 | LR: 0.00006029
2026-05-24 12:39:44 -              Trainer: [    INFO] - Epoch [391/600] completed in 157.46s | Loss: 0.0136 | PSNR: 33.72 | LR: 0.00005981
2026-05-24 12:41:48 -              Trainer: [    INFO] - Validating at iteration 210000...
2026-05-24 12:43:21 -              Trainer: [    INFO] - Validation results | PSNR=35.66
2026-05-24 12:43:54 -              Trainer: [    INFO] - Epoch [392/600] completed in 250.36s | Loss: 0.0135 | PSNR: 33.75 | LR: 0.00005933
2026-05-24 12:46:32 -              Trainer: [    INFO] - Epoch [393/600] completed in 157.75s | Loss: 0.0135 | PSNR: 33.73 | LR: 0.00005885
2026-05-24 12:49:09 -              Trainer: [    INFO] - Epoch [394/600] completed in 157.55s | Loss: 0.0135 | PSNR: 33.73 | LR: 0.00005837
2026-05-24 12:51:47 -              Trainer: [    INFO] - Epoch [395/600] completed in 157.51s | Loss: 0.0135 | PSNR: 33.72 | LR: 0.00005790
2026-05-24 12:54:24 -              Trainer: [    INFO] - Epoch [396/600] completed in 157.68s | Loss: 0.0135 | PSNR: 33.73 | LR: 0.00005742
2026-05-24 12:57:02 -              Trainer: [    INFO] - Epoch [397/600] completed in 157.41s | Loss: 0.0135 | PSNR: 33.77 | LR: 0.00005695
2026-05-24 12:58:03 -              Trainer: [    INFO] - Validating at iteration 213000...
2026-05-24 12:59:36 -              Trainer: [    INFO] - Validation results | PSNR=35.95
2026-05-24 12:59:36 -              Trainer: [    INFO] - Saved new best model at iter 213000 with PSNR 35.95 to ./checkpoints/model_best.pth
2026-05-24 13:01:13 -              Trainer: [    INFO] - Epoch [398/600] completed in 250.62s | Loss: 0.0135 | PSNR: 33.73 | LR: 0.00005648
2026-05-24 13:03:50 -              Trainer: [    INFO] - Epoch [399/600] completed in 157.66s | Loss: 0.0135 | PSNR: 33.77 | LR: 0.00005601
2026-05-24 13:06:28 -              Trainer: [    INFO] - Epoch [400/600] completed in 157.42s | Loss: 0.0135 | PSNR: 33.72 | LR: 0.00005554
2026-05-24 13:09:05 -              Trainer: [    INFO] - Epoch [401/600] completed in 157.41s | Loss: 0.0135 | PSNR: 33.74 | LR: 0.00005507
2026-05-24 13:11:43 -              Trainer: [    INFO] - Epoch [402/600] completed in 157.51s | Loss: 0.0135 | PSNR: 33.79 | LR: 0.00005460
2026-05-24 13:14:17 -              Trainer: [    INFO] - Validating at iteration 216000...
2026-05-24 13:15:50 -              Trainer: [    INFO] - Validation results | PSNR=36.05
2026-05-24 13:15:50 -              Trainer: [    INFO] - Saved new best model at iter 216000 with PSNR 36.05 to ./checkpoints/model_best.pth
2026-05-24 13:15:52 -              Trainer: [    INFO] - Epoch [403/600] completed in 249.91s | Loss: 0.0135 | PSNR: 33.71 | LR: 0.00005414
2026-05-24 13:18:30 -              Trainer: [    INFO] - Epoch [404/600] completed in 157.45s | Loss: 0.0134 | PSNR: 33.79 | LR: 0.00005367
2026-05-24 13:21:07 -              Trainer: [    INFO] - Epoch [405/600] completed in 157.61s | Loss: 0.0135 | PSNR: 33.83 | LR: 0.00005321
2026-05-24 13:23:45 -              Trainer: [    INFO] - Epoch [406/600] completed in 157.43s | Loss: 0.0135 | PSNR: 33.80 | LR: 0.00005274
2026-05-24 13:26:22 -              Trainer: [    INFO] - Epoch [407/600] completed in 157.45s | Loss: 0.0135 | PSNR: 33.79 | LR: 0.00005228
2026-05-24 13:29:00 -              Trainer: [    INFO] - Epoch [408/600] completed in 157.60s | Loss: 0.0135 | PSNR: 33.76 | LR: 0.00005182
2026-05-24 13:30:32 -              Trainer: [    INFO] - Validating at iteration 219000...
2026-05-24 13:32:04 -              Trainer: [    INFO] - Validation results | PSNR=36.02
2026-05-24 13:33:10 -              Trainer: [    INFO] - Epoch [409/600] completed in 250.15s | Loss: 0.0133 | PSNR: 33.85 | LR: 0.00005137
2026-05-24 13:35:48 -              Trainer: [    INFO] - Epoch [410/600] completed in 157.55s | Loss: 0.0135 | PSNR: 33.73 | LR: 0.00005091
2026-05-24 13:38:25 -              Trainer: [    INFO] - Epoch [411/600] completed in 157.77s | Loss: 0.0135 | PSNR: 33.77 | LR: 0.00005045
2026-05-24 13:41:03 -              Trainer: [    INFO] - Epoch [412/600] completed in 157.48s | Loss: 0.0134 | PSNR: 33.82 | LR: 0.00005000
2026-05-24 13:43:40 -              Trainer: [    INFO] - Epoch [413/600] completed in 157.51s | Loss: 0.0134 | PSNR: 33.83 | LR: 0.00004955
2026-05-24 13:46:18 -              Trainer: [    INFO] - Epoch [414/600] completed in 157.66s | Loss: 0.0133 | PSNR: 33.82 | LR: 0.00004910
2026-05-24 13:46:47 -              Trainer: [    INFO] - Validating at iteration 222000...
2026-05-24 13:48:20 -              Trainer: [    INFO] - Validation results | PSNR=36.05
2026-05-24 13:50:28 -              Trainer: [    INFO] - Epoch [415/600] completed in 250.26s | Loss: 0.0133 | PSNR: 33.82 | LR: 0.00004865
2026-05-24 13:53:06 -              Trainer: [    INFO] - Epoch [416/600] completed in 157.39s | Loss: 0.0134 | PSNR: 33.83 | LR: 0.00004820
2026-05-24 13:55:43 -              Trainer: [    INFO] - Epoch [417/600] completed in 157.60s | Loss: 0.0133 | PSNR: 33.90 | LR: 0.00004775
2026-05-24 13:58:21 -              Trainer: [    INFO] - Epoch [418/600] completed in 157.48s | Loss: 0.0134 | PSNR: 33.83 | LR: 0.00004730
2026-05-24 14:00:58 -              Trainer: [    INFO] - Epoch [419/600] completed in 157.45s | Loss: 0.0134 | PSNR: 33.84 | LR: 0.00004686
2026-05-24 14:03:01 -              Trainer: [    INFO] - Validating at iteration 225000...
2026-05-24 14:04:33 -              Trainer: [    INFO] - Validation results | PSNR=36.05
2026-05-24 14:04:34 -              Trainer: [    INFO] - Saved new best model at iter 225000 with PSNR 36.05 to ./checkpoints/model_best.pth
2026-05-24 14:05:09 -              Trainer: [    INFO] - Epoch [420/600] completed in 250.59s | Loss: 0.0134 | PSNR: 33.83 | LR: 0.00004642
2026-05-24 14:07:46 -              Trainer: [    INFO] - Epoch [421/600] completed in 157.43s | Loss: 0.0134 | PSNR: 33.85 | LR: 0.00004598
2026-05-24 14:10:24 -              Trainer: [    INFO] - Epoch [422/600] completed in 157.40s | Loss: 0.0134 | PSNR: 33.81 | LR: 0.00004554
2026-05-24 14:13:01 -              Trainer: [    INFO] - Epoch [423/600] completed in 157.58s | Loss: 0.0134 | PSNR: 33.82 | LR: 0.00004510
2026-05-24 14:15:39 -              Trainer: [    INFO] - Epoch [424/600] completed in 157.35s | Loss: 0.0134 | PSNR: 33.83 | LR: 0.00004466
2026-05-24 14:18:16 -              Trainer: [    INFO] - Epoch [425/600] completed in 157.35s | Loss: 0.0133 | PSNR: 33.83 | LR: 0.00004423
2026-05-24 14:19:15 -              Trainer: [    INFO] - Validating at iteration 228000...
2026-05-24 14:20:47 -              Trainer: [    INFO] - Validation results | PSNR=36.10
2026-05-24 14:20:48 -              Trainer: [    INFO] - Saved new best model at iter 228000 with PSNR 36.10 to ./checkpoints/model_best.pth
2026-05-24 14:22:26 -              Trainer: [    INFO] - Epoch [426/600] completed in 250.29s | Loss: 0.0134 | PSNR: 33.84 | LR: 0.00004379
2026-05-24 14:25:04 -              Trainer: [    INFO] - Epoch [427/600] completed in 157.51s | Loss: 0.0133 | PSNR: 33.86 | LR: 0.00004336
2026-05-24 14:27:41 -              Trainer: [    INFO] - Epoch [428/600] completed in 157.47s | Loss: 0.0133 | PSNR: 33.88 | LR: 0.00004293
2026-05-24 14:30:19 -              Trainer: [    INFO] - Epoch [429/600] completed in 157.56s | Loss: 0.0133 | PSNR: 33.92 | LR: 0.00004250
2026-05-24 14:32:56 -              Trainer: [    INFO] - Epoch [430/600] completed in 157.45s | Loss: 0.0133 | PSNR: 33.88 | LR: 0.00004207
2026-05-24 14:35:29 -              Trainer: [    INFO] - Validating at iteration 231000...
2026-05-24 14:37:01 -              Trainer: [    INFO] - Validation results | PSNR=36.09
2026-05-24 14:37:06 -              Trainer: [    INFO] - Epoch [431/600] completed in 249.56s | Loss: 0.0132 | PSNR: 33.89 | LR: 0.00004165
2026-05-24 14:39:44 -              Trainer: [    INFO] - Epoch [432/600] completed in 157.67s | Loss: 0.0133 | PSNR: 33.89 | LR: 0.00004122
2026-05-24 14:42:21 -              Trainer: [    INFO] - Epoch [433/600] completed in 157.46s | Loss: 0.0133 | PSNR: 33.88 | LR: 0.00004080
2026-05-24 14:44:58 -              Trainer: [    INFO] - Epoch [434/600] completed in 157.40s | Loss: 0.0133 | PSNR: 33.87 | LR: 0.00004038
2026-05-24 14:47:36 -              Trainer: [    INFO] - Epoch [435/600] completed in 157.57s | Loss: 0.0132 | PSNR: 33.89 | LR: 0.00003996
2026-05-24 14:50:14 -              Trainer: [    INFO] - Epoch [436/600] completed in 157.53s | Loss: 0.0134 | PSNR: 33.82 | LR: 0.00003954
2026-05-24 14:51:43 -              Trainer: [    INFO] - Validating at iteration 234000...
2026-05-24 14:53:15 -              Trainer: [    INFO] - Validation results | PSNR=36.17
2026-05-24 14:53:16 -              Trainer: [    INFO] - Saved new best model at iter 234000 with PSNR 36.17 to ./checkpoints/model_best.pth
2026-05-24 14:54:24 -              Trainer: [    INFO] - Epoch [437/600] completed in 250.00s | Loss: 0.0134 | PSNR: 33.79 | LR: 0.00003912
2026-05-24 14:57:01 -              Trainer: [    INFO] - Epoch [438/600] completed in 157.56s | Loss: 0.0133 | PSNR: 33.88 | LR: 0.00003871
2026-05-24 14:59:39 -              Trainer: [    INFO] - Epoch [439/600] completed in 157.52s | Loss: 0.0132 | PSNR: 33.90 | LR: 0.00003830
2026-05-24 15:02:16 -              Trainer: [    INFO] - Epoch [440/600] completed in 157.51s | Loss: 0.0132 | PSNR: 33.93 | LR: 0.00003789
2026-05-24 15:04:54 -              Trainer: [    INFO] - Epoch [441/600] completed in 157.63s | Loss: 0.0132 | PSNR: 33.92 | LR: 0.00003748
2026-05-24 15:07:31 -              Trainer: [    INFO] - Epoch [442/600] completed in 157.49s | Loss: 0.0132 | PSNR: 33.94 | LR: 0.00003707
2026-05-24 15:07:57 -              Trainer: [    INFO] - Validating at iteration 237000...
2026-05-24 15:09:30 -              Trainer: [    INFO] - Validation results | PSNR=36.20
2026-05-24 15:09:30 -              Trainer: [    INFO] - Saved new best model at iter 237000 with PSNR 36.20 to ./checkpoints/model_best.pth
2026-05-24 15:11:41 -              Trainer: [    INFO] - Epoch [443/600] completed in 250.06s | Loss: 0.0132 | PSNR: 33.92 | LR: 0.00003666
2026-05-24 15:14:19 -              Trainer: [    INFO] - Epoch [444/600] completed in 157.53s | Loss: 0.0132 | PSNR: 33.98 | LR: 0.00003626
2026-05-24 15:16:56 -              Trainer: [    INFO] - Epoch [445/600] completed in 157.46s | Loss: 0.0132 | PSNR: 33.90 | LR: 0.00003586
2026-05-24 15:19:34 -              Trainer: [    INFO] - Epoch [446/600] completed in 157.53s | Loss: 0.0132 | PSNR: 33.97 | LR: 0.00003545
2026-05-24 15:22:11 -              Trainer: [    INFO] - Epoch [447/600] completed in 157.61s | Loss: 0.0132 | PSNR: 33.92 | LR: 0.00003506
2026-05-24 15:24:11 -              Trainer: [    INFO] - Validating at iteration 240000...
2026-05-24 15:25:43 -              Trainer: [    INFO] - Validation results | PSNR=36.20
2026-05-24 15:25:44 -              Trainer: [    INFO] - Saved new best model at iter 240000 with PSNR 36.20 to ./checkpoints/model_best.pth
2026-05-24 15:26:21 -              Trainer: [    INFO] - Epoch [448/600] completed in 249.89s | Loss: 0.0132 | PSNR: 33.94 | LR: 0.00003466
2026-05-24 15:28:59 -              Trainer: [    INFO] - Epoch [449/600] completed in 157.54s | Loss: 0.0132 | PSNR: 33.96 | LR: 0.00003426
2026-05-24 15:31:37 -              Trainer: [    INFO] - Epoch [450/600] completed in 157.66s | Loss: 0.0131 | PSNR: 33.98 | LR: 0.00003387
2026-05-24 15:34:14 -              Trainer: [    INFO] - Epoch [451/600] completed in 157.47s | Loss: 0.0131 | PSNR: 33.96 | LR: 0.00003348
2026-05-24 15:36:51 -              Trainer: [    INFO] - Epoch [452/600] completed in 157.42s | Loss: 0.0132 | PSNR: 33.90 | LR: 0.00003309
2026-05-24 15:39:29 -              Trainer: [    INFO] - Epoch [453/600] completed in 157.55s | Loss: 0.0131 | PSNR: 34.00 | LR: 0.00003270
2026-05-24 15:40:26 -              Trainer: [    INFO] - Validating at iteration 243000...
2026-05-24 15:41:58 -              Trainer: [    INFO] - Validation results | PSNR=36.25
2026-05-24 15:41:58 -              Trainer: [    INFO] - Saved new best model at iter 243000 with PSNR 36.25 to ./checkpoints/model_best.pth
2026-05-24 15:43:39 -              Trainer: [    INFO] - Epoch [454/600] completed in 250.15s | Loss: 0.0132 | PSNR: 33.96 | LR: 0.00003231
2026-05-24 15:46:17 -              Trainer: [    INFO] - Epoch [455/600] completed in 157.49s | Loss: 0.0131 | PSNR: 33.96 | LR: 0.00003193
2026-05-24 15:48:54 -              Trainer: [    INFO] - Epoch [456/600] completed in 157.64s | Loss: 0.0132 | PSNR: 33.91 | LR: 0.00003155
2026-05-24 15:51:32 -              Trainer: [    INFO] - Epoch [457/600] completed in 157.47s | Loss: 0.0132 | PSNR: 33.96 | LR: 0.00003116
2026-05-24 15:54:09 -              Trainer: [    INFO] - Epoch [458/600] completed in 157.60s | Loss: 0.0132 | PSNR: 33.90 | LR: 0.00003079
2026-05-24 15:56:40 -              Trainer: [    INFO] - Validating at iteration 246000...
2026-05-24 15:58:12 -              Trainer: [    INFO] - Validation results | PSNR=36.26
2026-05-24 15:58:13 -              Trainer: [    INFO] - Saved new best model at iter 246000 with PSNR 36.26 to ./checkpoints/model_best.pth
2026-05-24 15:58:20 -              Trainer: [    INFO] - Epoch [459/600] completed in 250.45s | Loss: 0.0131 | PSNR: 33.99 | LR: 0.00003041
2026-05-24 16:00:57 -              Trainer: [    INFO] - Epoch [460/600] completed in 157.67s | Loss: 0.0131 | PSNR: 34.01 | LR: 0.00003003
2026-05-24 16:03:35 -              Trainer: [    INFO] - Epoch [461/600] completed in 157.72s | Loss: 0.0131 | PSNR: 34.00 | LR: 0.00002966
2026-05-24 16:06:13 -              Trainer: [    INFO] - Epoch [462/600] completed in 157.50s | Loss: 0.0131 | PSNR: 34.00 | LR: 0.00002929
2026-05-24 16:08:50 -              Trainer: [    INFO] - Epoch [463/600] completed in 157.42s | Loss: 0.0132 | PSNR: 33.90 | LR: 0.00002892
2026-05-24 16:11:28 -              Trainer: [    INFO] - Epoch [464/600] completed in 157.72s | Loss: 0.0132 | PSNR: 33.90 | LR: 0.00002855
2026-05-24 16:12:55 -              Trainer: [    INFO] - Validating at iteration 249000...
2026-05-24 16:14:27 -              Trainer: [    INFO] - Validation results | PSNR=36.30
2026-05-24 16:14:28 -              Trainer: [    INFO] - Saved new best model at iter 249000 with PSNR 36.30 to ./checkpoints/model_best.pth
2026-05-24 16:15:38 -              Trainer: [    INFO] - Epoch [465/600] completed in 250.29s | Loss: 0.0131 | PSNR: 33.93 | LR: 0.00002819
2026-05-24 16:18:16 -              Trainer: [    INFO] - Epoch [466/600] completed in 157.36s | Loss: 0.0131 | PSNR: 33.96 | LR: 0.00002782
2026-05-24 16:20:53 -              Trainer: [    INFO] - Epoch [467/600] completed in 157.55s | Loss: 0.0131 | PSNR: 34.00 | LR: 0.00002746
2026-05-24 16:23:30 -              Trainer: [    INFO] - Epoch [468/600] completed in 157.42s | Loss: 0.0131 | PSNR: 33.99 | LR: 0.00002710
2026-05-24 16:26:08 -              Trainer: [    INFO] - Epoch [469/600] completed in 157.76s | Loss: 0.0131 | PSNR: 33.95 | LR: 0.00002675
2026-05-24 16:28:46 -              Trainer: [    INFO] - Epoch [470/600] completed in 157.66s | Loss: 0.0131 | PSNR: 33.99 | LR: 0.00002639
2026-05-24 16:29:10 -              Trainer: [    INFO] - Validating at iteration 252000...
2026-05-24 16:30:42 -              Trainer: [    INFO] - Validation results | PSNR=36.24
2026-05-24 16:32:56 -              Trainer: [    INFO] - Epoch [471/600] completed in 249.64s | Loss: 0.0130 | PSNR: 34.02 | LR: 0.00002604
2026-05-24 16:35:33 -              Trainer: [    INFO] - Epoch [472/600] completed in 157.47s | Loss: 0.0131 | PSNR: 33.95 | LR: 0.00002569
2026-05-24 16:38:11 -              Trainer: [    INFO] - Epoch [473/600] completed in 157.65s | Loss: 0.0131 | PSNR: 34.00 | LR: 0.00002534
2026-05-24 16:40:48 -              Trainer: [    INFO] - Epoch [474/600] completed in 157.40s | Loss: 0.0131 | PSNR: 34.00 | LR: 0.00002499
2026-05-24 16:43:26 -              Trainer: [    INFO] - Epoch [475/600] completed in 157.47s | Loss: 0.0131 | PSNR: 33.98 | LR: 0.00002464
2026-05-24 16:45:23 -              Trainer: [    INFO] - Validating at iteration 255000...
2026-05-24 16:46:55 -              Trainer: [    INFO] - Validation results | PSNR=36.29
2026-05-24 16:47:35 -              Trainer: [    INFO] - Epoch [476/600] completed in 249.67s | Loss: 0.0130 | PSNR: 34.05 | LR: 0.00002430
2026-05-24 16:50:13 -              Trainer: [    INFO] - Epoch [477/600] completed in 157.35s | Loss: 0.0130 | PSNR: 34.01 | LR: 0.00002396
2026-05-24 16:52:50 -              Trainer: [    INFO] - Epoch [478/600] completed in 157.33s | Loss: 0.0129 | PSNR: 34.13 | LR: 0.00002362
2026-05-24 16:55:28 -              Trainer: [    INFO] - Epoch [479/600] completed in 157.69s | Loss: 0.0130 | PSNR: 34.03 | LR: 0.00002328
2026-05-24 16:58:05 -              Trainer: [    INFO] - Epoch [480/600] completed in 157.60s | Loss: 0.0130 | PSNR: 34.04 | LR: 0.00002295
2026-05-24 17:00:43 -              Trainer: [    INFO] - Epoch [481/600] completed in 157.46s | Loss: 0.0130 | PSNR: 34.04 | LR: 0.00002262
2026-05-24 17:01:37 -              Trainer: [    INFO] - Validating at iteration 258000...
2026-05-24 17:03:09 -              Trainer: [    INFO] - Validation results | PSNR=36.38
2026-05-24 17:03:10 -              Trainer: [    INFO] - Saved new best model at iter 258000 with PSNR 36.38 to ./checkpoints/model_best.pth
2026-05-24 17:04:53 -              Trainer: [    INFO] - Epoch [482/600] completed in 250.27s | Loss: 0.0130 | PSNR: 34.00 | LR: 0.00002229
2026-05-24 17:07:31 -              Trainer: [    INFO] - Epoch [483/600] completed in 157.59s | Loss: 0.0130 | PSNR: 34.05 | LR: 0.00002196
2026-05-24 17:10:08 -              Trainer: [    INFO] - Epoch [484/600] completed in 157.49s | Loss: 0.0130 | PSNR: 34.04 | LR: 0.00002163
2026-05-24 17:12:46 -              Trainer: [    INFO] - Epoch [485/600] completed in 157.60s | Loss: 0.0130 | PSNR: 34.04 | LR: 0.00002131
2026-05-24 17:15:23 -              Trainer: [    INFO] - Epoch [486/600] completed in 157.47s | Loss: 0.0130 | PSNR: 34.09 | LR: 0.00002098
2026-05-24 17:17:51 -              Trainer: [    INFO] - Validating at iteration 261000...
2026-05-24 17:19:24 -              Trainer: [    INFO] - Validation results | PSNR=36.36
2026-05-24 17:19:33 -              Trainer: [    INFO] - Epoch [487/600] completed in 249.89s | Loss: 0.0130 | PSNR: 33.99 | LR: 0.00002066
2026-05-24 17:22:11 -              Trainer: [    INFO] - Epoch [488/600] completed in 157.54s | Loss: 0.0130 | PSNR: 34.03 | LR: 0.00002035
2026-05-24 17:24:48 -              Trainer: [    INFO] - Epoch [489/600] completed in 157.42s | Loss: 0.0130 | PSNR: 34.03 | LR: 0.00002003
2026-05-24 17:27:25 -              Trainer: [    INFO] - Epoch [490/600] completed in 157.49s | Loss: 0.0130 | PSNR: 34.02 | LR: 0.00001972
2026-05-24 17:30:03 -              Trainer: [    INFO] - Epoch [491/600] completed in 157.56s | Loss: 0.0130 | PSNR: 34.04 | LR: 0.00001941
2026-05-24 17:32:41 -              Trainer: [    INFO] - Epoch [492/600] completed in 157.53s | Loss: 0.0130 | PSNR: 34.05 | LR: 0.00001910
2026-05-24 17:34:05 -              Trainer: [    INFO] - Validating at iteration 264000...
2026-05-24 17:35:38 -              Trainer: [    INFO] - Validation results | PSNR=36.38
2026-05-24 17:36:51 -              Trainer: [    INFO] - Epoch [493/600] completed in 250.18s | Loss: 0.0130 | PSNR: 34.09 | LR: 0.00001879
2026-05-24 17:39:28 -              Trainer: [    INFO] - Epoch [494/600] completed in 157.61s | Loss: 0.0130 | PSNR: 34.05 | LR: 0.00001849
2026-05-24 17:42:06 -              Trainer: [    INFO] - Epoch [495/600] completed in 157.45s | Loss: 0.0130 | PSNR: 34.05 | LR: 0.00001819
2026-05-24 17:44:43 -              Trainer: [    INFO] - Epoch [496/600] completed in 157.44s | Loss: 0.0130 | PSNR: 34.04 | LR: 0.00001789
2026-05-24 17:47:21 -              Trainer: [    INFO] - Epoch [497/600] completed in 157.63s | Loss: 0.0130 | PSNR: 34.03 | LR: 0.00001759
2026-05-24 17:49:58 -              Trainer: [    INFO] - Epoch [498/600] completed in 157.36s | Loss: 0.0130 | PSNR: 34.03 | LR: 0.00001729
2026-05-24 17:50:20 -              Trainer: [    INFO] - Validating at iteration 267000...
2026-05-24 17:51:53 -              Trainer: [    INFO] - Validation results | PSNR=36.38
2026-05-24 17:51:53 -              Trainer: [    INFO] - Saved new best model at iter 267000 with PSNR 36.38 to ./checkpoints/model_best.pth
2026-05-24 17:54:09 -              Trainer: [    INFO] - Epoch [499/600] completed in 250.79s | Loss: 0.0130 | PSNR: 34.06 | LR: 0.00001700
2026-05-24 17:56:47 -              Trainer: [    INFO] - Epoch [500/600] completed in 157.61s | Loss: 0.0130 | PSNR: 34.05 | LR: 0.00001671
2026-05-24 17:59:24 -              Trainer: [    INFO] - Epoch [501/600] completed in 157.57s | Loss: 0.0129 | PSNR: 34.09 | LR: 0.00001642
2026-05-24 18:02:02 -              Trainer: [    INFO] - Epoch [502/600] completed in 157.47s | Loss: 0.0131 | PSNR: 33.97 | LR: 0.00001613
2026-05-24 18:04:39 -              Trainer: [    INFO] - Epoch [503/600] completed in 157.64s | Loss: 0.0130 | PSNR: 34.07 | LR: 0.00001585
2026-05-24 18:06:35 -              Trainer: [    INFO] - Validating at iteration 270000...
2026-05-24 18:08:08 -              Trainer: [    INFO] - Validation results | PSNR=36.39
2026-05-24 18:08:08 -              Trainer: [    INFO] - Saved new best model at iter 270000 with PSNR 36.39 to ./checkpoints/model_best.pth
2026-05-24 18:08:50 -              Trainer: [    INFO] - Epoch [504/600] completed in 250.85s | Loss: 0.0130 | PSNR: 34.03 | LR: 0.00001557
2026-05-24 18:11:28 -              Trainer: [    INFO] - Epoch [505/600] completed in 157.39s | Loss: 0.0130 | PSNR: 34.04 | LR: 0.00001529
2026-05-24 18:14:05 -              Trainer: [    INFO] - Epoch [506/600] completed in 157.50s | Loss: 0.0129 | PSNR: 34.09 | LR: 0.00001501
2026-05-24 18:16:42 -              Trainer: [    INFO] - Epoch [507/600] completed in 157.42s | Loss: 0.0129 | PSNR: 34.10 | LR: 0.00001474
2026-05-24 18:19:20 -              Trainer: [    INFO] - Epoch [508/600] completed in 157.49s | Loss: 0.0130 | PSNR: 34.04 | LR: 0.00001446
2026-05-24 18:21:58 -              Trainer: [    INFO] - Epoch [509/600] completed in 157.55s | Loss: 0.0130 | PSNR: 34.02 | LR: 0.00001419
2026-05-24 18:22:50 -              Trainer: [    INFO] - Validating at iteration 273000...
2026-05-24 18:24:22 -              Trainer: [    INFO] - Validation results | PSNR=36.44
2026-05-24 18:24:22 -              Trainer: [    INFO] - Saved new best model at iter 273000 with PSNR 36.44 to ./checkpoints/model_best.pth
2026-05-24 18:26:08 -              Trainer: [    INFO] - Epoch [510/600] completed in 250.21s | Loss: 0.0130 | PSNR: 33.96 | LR: 0.00001393
2026-05-24 18:28:45 -              Trainer: [    INFO] - Epoch [511/600] completed in 157.56s | Loss: 0.0129 | PSNR: 34.07 | LR: 0.00001366
2026-05-24 18:31:23 -              Trainer: [    INFO] - Epoch [512/600] completed in 157.64s | Loss: 0.0130 | PSNR: 34.00 | LR: 0.00001340
2026-05-24 18:34:00 -              Trainer: [    INFO] - Epoch [513/600] completed in 157.37s | Loss: 0.0129 | PSNR: 34.08 | LR: 0.00001314
2026-05-24 18:36:38 -              Trainer: [    INFO] - Epoch [514/600] completed in 157.49s | Loss: 0.0129 | PSNR: 34.06 | LR: 0.00001288
2026-05-24 18:39:04 -              Trainer: [    INFO] - Validating at iteration 276000...
2026-05-24 18:40:36 -              Trainer: [    INFO] - Validation results | PSNR=36.36
2026-05-24 18:40:48 -              Trainer: [    INFO] - Epoch [515/600] completed in 250.02s | Loss: 0.0128 | PSNR: 34.13 | LR: 0.00001262
2026-05-24 18:43:25 -              Trainer: [    INFO] - Epoch [516/600] completed in 157.61s | Loss: 0.0129 | PSNR: 34.07 | LR: 0.00001237
2026-05-24 18:46:03 -              Trainer: [    INFO] - Epoch [517/600] completed in 157.48s | Loss: 0.0129 | PSNR: 34.10 | LR: 0.00001212
2026-05-24 18:48:41 -              Trainer: [    INFO] - Epoch [518/600] completed in 157.69s | Loss: 0.0128 | PSNR: 34.17 | LR: 0.00001187
2026-05-24 18:51:18 -              Trainer: [    INFO] - Epoch [519/600] completed in 157.40s | Loss: 0.0129 | PSNR: 34.07 | LR: 0.00001162
2026-05-24 18:53:55 -              Trainer: [    INFO] - Epoch [520/600] completed in 157.44s | Loss: 0.0128 | PSNR: 34.16 | LR: 0.00001138
2026-05-24 18:55:18 -              Trainer: [    INFO] - Validating at iteration 279000...
2026-05-24 18:56:50 -              Trainer: [    INFO] - Validation results | PSNR=36.46
2026-05-24 18:56:51 -              Trainer: [    INFO] - Saved new best model at iter 279000 with PSNR 36.46 to ./checkpoints/model_best.pth
2026-05-24 18:58:06 -              Trainer: [    INFO] - Epoch [521/600] completed in 250.15s | Loss: 0.0130 | PSNR: 34.00 | LR: 0.00001114
2026-05-24 19:00:43 -              Trainer: [    INFO] - Epoch [522/600] completed in 157.49s | Loss: 0.0128 | PSNR: 34.15 | LR: 0.00001090
2026-05-24 19:03:21 -              Trainer: [    INFO] - Epoch [523/600] completed in 157.56s | Loss: 0.0128 | PSNR: 34.10 | LR: 0.00001066
2026-05-24 19:05:58 -              Trainer: [    INFO] - Epoch [524/600] completed in 157.71s | Loss: 0.0129 | PSNR: 34.10 | LR: 0.00001043
2026-05-24 19:08:36 -              Trainer: [    INFO] - Epoch [525/600] completed in 157.55s | Loss: 0.0128 | PSNR: 34.14 | LR: 0.00001020
2026-05-24 19:11:13 -              Trainer: [    INFO] - Epoch [526/600] completed in 157.52s | Loss: 0.0128 | PSNR: 34.15 | LR: 0.00000997
2026-05-24 19:11:33 -              Trainer: [    INFO] - Validating at iteration 282000...
2026-05-24 19:13:05 -              Trainer: [    INFO] - Validation results | PSNR=36.44
2026-05-24 19:15:23 -              Trainer: [    INFO] - Epoch [527/600] completed in 250.00s | Loss: 0.0129 | PSNR: 34.10 | LR: 0.00000974
2026-05-24 19:18:01 -              Trainer: [    INFO] - Epoch [528/600] completed in 157.51s | Loss: 0.0129 | PSNR: 34.13 | LR: 0.00000952
2026-05-24 19:20:38 -              Trainer: [    INFO] - Epoch [529/600] completed in 157.37s | Loss: 0.0129 | PSNR: 34.15 | LR: 0.00000930
2026-05-24 19:23:16 -              Trainer: [    INFO] - Epoch [530/600] completed in 157.68s | Loss: 0.0129 | PSNR: 34.06 | LR: 0.00000908
2026-05-24 19:25:53 -              Trainer: [    INFO] - Epoch [531/600] completed in 157.41s | Loss: 0.0129 | PSNR: 34.07 | LR: 0.00000886
2026-05-24 19:27:46 -              Trainer: [    INFO] - Validating at iteration 285000...
2026-05-24 19:29:19 -              Trainer: [    INFO] - Validation results | PSNR=36.44
2026-05-24 19:30:03 -              Trainer: [    INFO] - Epoch [532/600] completed in 249.99s | Loss: 0.0128 | PSNR: 34.17 | LR: 0.00000865
2026-05-24 19:32:41 -              Trainer: [    INFO] - Epoch [533/600] completed in 157.84s | Loss: 0.0128 | PSNR: 34.23 | LR: 0.00000843
2026-05-24 19:35:19 -              Trainer: [    INFO] - Epoch [534/600] completed in 157.49s | Loss: 0.0128 | PSNR: 34.12 | LR: 0.00000822
2026-05-24 19:37:56 -              Trainer: [    INFO] - Epoch [535/600] completed in 157.47s | Loss: 0.0130 | PSNR: 34.02 | LR: 0.00000802
2026-05-24 19:40:34 -              Trainer: [    INFO] - Epoch [536/600] completed in 157.56s | Loss: 0.0129 | PSNR: 34.10 | LR: 0.00000781
2026-05-24 19:43:11 -              Trainer: [    INFO] - Epoch [537/600] completed in 157.37s | Loss: 0.0127 | PSNR: 34.21 | LR: 0.00000761
2026-05-24 19:44:01 -              Trainer: [    INFO] - Validating at iteration 288000...
2026-05-24 19:45:34 -              Trainer: [    INFO] - Validation results | PSNR=36.46
2026-05-24 19:45:34 -              Trainer: [    INFO] - Saved new best model at iter 288000 with PSNR 36.46 to ./checkpoints/model_best.pth
2026-05-24 19:47:22 -              Trainer: [    INFO] - Epoch [538/600] completed in 250.81s | Loss: 0.0129 | PSNR: 34.15 | LR: 0.00000741
2026-05-24 19:50:00 -              Trainer: [    INFO] - Epoch [539/600] completed in 157.70s | Loss: 0.0129 | PSNR: 34.13 | LR: 0.00000722
2026-05-24 19:52:37 -              Trainer: [    INFO] - Epoch [540/600] completed in 157.55s | Loss: 0.0129 | PSNR: 34.13 | LR: 0.00000702
2026-05-24 19:55:15 -              Trainer: [    INFO] - Epoch [541/600] completed in 157.53s | Loss: 0.0129 | PSNR: 34.10 | LR: 0.00000683
2026-05-24 19:57:52 -              Trainer: [    INFO] - Epoch [542/600] completed in 157.71s | Loss: 0.0128 | PSNR: 34.13 | LR: 0.00000664
2026-05-24 20:00:16 -              Trainer: [    INFO] - Validating at iteration 291000...
2026-05-24 20:01:48 -              Trainer: [    INFO] - Validation results | PSNR=36.50
2026-05-24 20:01:48 -              Trainer: [    INFO] - Saved new best model at iter 291000 with PSNR 36.50 to ./checkpoints/model_best.pth
2026-05-24 20:02:03 -              Trainer: [    INFO] - Epoch [543/600] completed in 250.05s | Loss: 0.0128 | PSNR: 34.11 | LR: 0.00000646
2026-05-24 20:04:40 -              Trainer: [    INFO] - Epoch [544/600] completed in 157.32s | Loss: 0.0129 | PSNR: 34.10 | LR: 0.00000627
2026-05-24 20:07:17 -              Trainer: [    INFO] - Epoch [545/600] completed in 157.60s | Loss: 0.0128 | PSNR: 34.15 | LR: 0.00000609
2026-05-24 20:09:55 -              Trainer: [    INFO] - Epoch [546/600] completed in 157.33s | Loss: 0.0129 | PSNR: 34.05 | LR: 0.00000591
2026-05-24 20:12:32 -              Trainer: [    INFO] - Epoch [547/600] completed in 157.33s | Loss: 0.0128 | PSNR: 34.14 | LR: 0.00000574
2026-05-24 20:15:10 -              Trainer: [    INFO] - Epoch [548/600] completed in 157.55s | Loss: 0.0128 | PSNR: 34.16 | LR: 0.00000556
2026-05-24 20:16:30 -              Trainer: [    INFO] - Validating at iteration 294000...
2026-05-24 20:18:02 -              Trainer: [    INFO] - Validation results | PSNR=36.47
2026-05-24 20:19:19 -              Trainer: [    INFO] - Epoch [549/600] completed in 249.42s | Loss: 0.0128 | PSNR: 34.16 | LR: 0.00000539
2026-05-24 20:21:56 -              Trainer: [    INFO] - Epoch [550/600] completed in 157.36s | Loss: 0.0128 | PSNR: 34.13 | LR: 0.00000522
2026-05-24 20:24:34 -              Trainer: [    INFO] - Epoch [551/600] completed in 157.60s | Loss: 0.0129 | PSNR: 34.13 | LR: 0.00000506
2026-05-24 20:27:11 -              Trainer: [    INFO] - Epoch [552/600] completed in 157.45s | Loss: 0.0128 | PSNR: 34.14 | LR: 0.00000489
2026-05-24 20:29:49 -              Trainer: [    INFO] - Epoch [553/600] completed in 157.38s | Loss: 0.0128 | PSNR: 34.14 | LR: 0.00000473
2026-05-24 20:32:26 -              Trainer: [    INFO] - Epoch [554/600] completed in 157.53s | Loss: 0.0128 | PSNR: 34.11 | LR: 0.00000458
2026-05-24 20:32:43 -              Trainer: [    INFO] - Validating at iteration 297000...
2026-05-24 20:34:15 -              Trainer: [    INFO] - Validation results | PSNR=36.44
2026-05-24 20:36:36 -              Trainer: [    INFO] - Epoch [555/600] completed in 249.47s | Loss: 0.0128 | PSNR: 34.10 | LR: 0.00000442
2026-05-24 20:39:13 -              Trainer: [    INFO] - Epoch [556/600] completed in 157.33s | Loss: 0.0129 | PSNR: 34.11 | LR: 0.00000427
2026-05-24 20:41:51 -              Trainer: [    INFO] - Epoch [557/600] completed in 157.54s | Loss: 0.0129 | PSNR: 34.08 | LR: 0.00000412
2026-05-24 20:44:28 -              Trainer: [    INFO] - Epoch [558/600] completed in 157.45s | Loss: 0.0128 | PSNR: 34.15 | LR: 0.00000397
2026-05-24 20:47:06 -              Trainer: [    INFO] - Epoch [559/600] completed in 157.48s | Loss: 0.0128 | PSNR: 34.19 | LR: 0.00000383
2026-05-24 20:48:56 -              Trainer: [    INFO] - Validating at iteration 300000...
2026-05-24 20:50:29 -              Trainer: [    INFO] - Validation results | PSNR=36.49
2026-05-24 20:51:16 -              Trainer: [    INFO] - Epoch [560/600] completed in 250.14s | Loss: 0.0128 | PSNR: 34.17 | LR: 0.00000368
2026-05-24 20:53:53 -              Trainer: [    INFO] - Epoch [561/600] completed in 157.32s | Loss: 0.0128 | PSNR: 34.15 | LR: 0.00000354
2026-05-24 20:56:31 -              Trainer: [    INFO] - Epoch [562/600] completed in 157.43s | Loss: 0.0129 | PSNR: 34.11 | LR: 0.00000341
2026-05-24 20:59:08 -              Trainer: [    INFO] - Epoch [563/600] completed in 157.88s | Loss: 0.0128 | PSNR: 34.13 | LR: 0.00000327
2026-05-24 21:01:46 -              Trainer: [    INFO] - Epoch [564/600] completed in 157.51s | Loss: 0.0128 | PSNR: 34.16 | LR: 0.00000314
2026-05-24 21:04:23 -              Trainer: [    INFO] - Epoch [565/600] completed in 157.51s | Loss: 0.0128 | PSNR: 34.13 | LR: 0.00000301
2026-05-24 21:05:11 -              Trainer: [    INFO] - Validating at iteration 303000...
2026-05-24 21:06:43 -              Trainer: [    INFO] - Validation results | PSNR=36.49
2026-05-24 21:08:34 -              Trainer: [    INFO] - Epoch [566/600] completed in 250.10s | Loss: 0.0127 | PSNR: 34.21 | LR: 0.00000289
2026-05-24 21:11:11 -              Trainer: [    INFO] - Epoch [567/600] completed in 157.50s | Loss: 0.0128 | PSNR: 34.15 | LR: 0.00000276
2026-05-24 21:13:48 -              Trainer: [    INFO] - Epoch [568/600] completed in 157.41s | Loss: 0.0129 | PSNR: 34.07 | LR: 0.00000264
2026-05-24 21:16:26 -              Trainer: [    INFO] - Epoch [569/600] completed in 157.87s | Loss: 0.0128 | PSNR: 34.12 | LR: 0.00000252
2026-05-24 21:19:04 -              Trainer: [    INFO] - Epoch [570/600] completed in 157.48s | Loss: 0.0129 | PSNR: 34.12 | LR: 0.00000241
2026-05-24 21:21:25 -              Trainer: [    INFO] - Validating at iteration 306000...
2026-05-24 21:22:57 -              Trainer: [    INFO] - Validation results | PSNR=36.49
2026-05-24 21:23:13 -              Trainer: [    INFO] - Epoch [571/600] completed in 249.41s | Loss: 0.0128 | PSNR: 34.16 | LR: 0.00000230
2026-05-24 21:25:51 -              Trainer: [    INFO] - Epoch [572/600] completed in 157.56s | Loss: 0.0127 | PSNR: 34.20 | LR: 0.00000219
2026-05-24 21:28:28 -              Trainer: [    INFO] - Epoch [573/600] completed in 157.39s | Loss: 0.0129 | PSNR: 34.11 | LR: 0.00000208
2026-05-24 21:31:06 -              Trainer: [    INFO] - Epoch [574/600] completed in 157.39s | Loss: 0.0129 | PSNR: 34.11 | LR: 0.00000197
2026-05-24 21:33:43 -              Trainer: [    INFO] - Epoch [575/600] completed in 157.71s | Loss: 0.0128 | PSNR: 34.11 | LR: 0.00000187
2026-05-24 21:36:21 -              Trainer: [    INFO] - Epoch [576/600] completed in 157.37s | Loss: 0.0128 | PSNR: 34.16 | LR: 0.00000177
2026-05-24 21:37:38 -              Trainer: [    INFO] - Validating at iteration 309000...
2026-05-24 21:39:11 -              Trainer: [    INFO] - Validation results | PSNR=36.51
2026-05-24 21:39:11 -              Trainer: [    INFO] - Saved new best model at iter 309000 with PSNR 36.51 to ./checkpoints/model_best.pth
2026-05-24 21:40:31 -              Trainer: [    INFO] - Epoch [577/600] completed in 250.11s | Loss: 0.0128 | PSNR: 34.10 | LR: 0.00000167
2026-05-24 21:43:08 -              Trainer: [    INFO] - Epoch [578/600] completed in 157.48s | Loss: 0.0128 | PSNR: 34.16 | LR: 0.00000158
2026-05-24 21:45:46 -              Trainer: [    INFO] - Epoch [579/600] completed in 157.59s | Loss: 0.0128 | PSNR: 34.11 | LR: 0.00000149
2026-05-24 21:48:23 -              Trainer: [    INFO] - Epoch [580/600] completed in 157.52s | Loss: 0.0128 | PSNR: 34.15 | LR: 0.00000140
2026-05-24 21:51:01 -              Trainer: [    INFO] - Epoch [581/600] completed in 157.60s | Loss: 0.0128 | PSNR: 34.17 | LR: 0.00000131
2026-05-24 21:53:38 -              Trainer: [    INFO] - Epoch [582/600] completed in 157.45s | Loss: 0.0128 | PSNR: 34.12 | LR: 0.00000123
2026-05-24 21:53:53 -              Trainer: [    INFO] - Validating at iteration 312000...
2026-05-24 21:55:25 -              Trainer: [    INFO] - Validation results | PSNR=36.48
2026-05-24 21:57:48 -              Trainer: [    INFO] - Epoch [583/600] completed in 249.37s | Loss: 0.0128 | PSNR: 34.13 | LR: 0.00000115
2026-05-24 22:00:26 -              Trainer: [    INFO] - Epoch [584/600] completed in 157.72s | Loss: 0.0128 | PSNR: 34.15 | LR: 0.00000107
2026-05-24 22:03:03 -              Trainer: [    INFO] - Epoch [585/600] completed in 157.39s | Loss: 0.0128 | PSNR: 34.20 | LR: 0.00000100
2026-05-24 22:05:40 -              Trainer: [    INFO] - Epoch [586/600] completed in 157.46s | Loss: 0.0128 | PSNR: 34.12 | LR: 0.00000093
2026-05-24 22:08:18 -              Trainer: [    INFO] - Epoch [587/600] completed in 157.71s | Loss: 0.0127 | PSNR: 34.22 | LR: 0.00000086
2026-05-24 22:10:06 -              Trainer: [    INFO] - Validating at iteration 315000...
2026-05-24 22:11:38 -              Trainer: [    INFO] - Validation results | PSNR=36.50
2026-05-24 22:12:27 -              Trainer: [    INFO] - Epoch [588/600] completed in 249.32s | Loss: 0.0128 | PSNR: 34.19 | LR: 0.00000079
2026-05-24 22:15:05 -              Trainer: [    INFO] - Epoch [589/600] completed in 157.46s | Loss: 0.0128 | PSNR: 34.10 | LR: 0.00000072
2026-05-24 22:17:43 -              Trainer: [    INFO] - Epoch [590/600] completed in 157.66s | Loss: 0.0127 | PSNR: 34.22 | LR: 0.00000066
2026-05-24 22:20:20 -              Trainer: [    INFO] - Epoch [591/600] completed in 157.40s | Loss: 0.0128 | PSNR: 34.12 | LR: 0.00000060
2026-05-24 22:22:57 -              Trainer: [    INFO] - Epoch [592/600] completed in 157.38s | Loss: 0.0128 | PSNR: 34.14 | LR: 0.00000055
2026-05-24 22:25:35 -              Trainer: [    INFO] - Epoch [593/600] completed in 157.62s | Loss: 0.0128 | PSNR: 34.16 | LR: 0.00000049
2026-05-24 22:26:20 -              Trainer: [    INFO] - Validating at iteration 318000...
2026-05-24 22:27:52 -              Trainer: [    INFO] - Validation results | PSNR=36.51
2026-05-24 22:29:45 -              Trainer: [    INFO] - Epoch [594/600] completed in 249.82s | Loss: 0.0128 | PSNR: 34.17 | LR: 0.00000044
2026-05-24 22:32:22 -              Trainer: [    INFO] - Epoch [595/600] completed in 157.57s | Loss: 0.0128 | PSNR: 34.18 | LR: 0.00000040
2026-05-24 22:35:00 -              Trainer: [    INFO] - Epoch [596/600] completed in 157.63s | Loss: 0.0128 | PSNR: 34.15 | LR: 0.00000035
2026-05-24 22:37:38 -              Trainer: [    INFO] - Epoch [597/600] completed in 157.64s | Loss: 0.0128 | PSNR: 34.20 | LR: 0.00000031
2026-05-24 22:40:15 -              Trainer: [    INFO] - Epoch [598/600] completed in 157.46s | Loss: 0.0128 | PSNR: 34.20 | LR: 0.00000027
2026-05-24 22:42:34 -              Trainer: [    INFO] - Validating at iteration 321000...
2026-05-24 22:44:07 -              Trainer: [    INFO] - Validation results | PSNR=36.50
2026-05-24 22:44:26 -              Trainer: [    INFO] - Epoch [599/600] completed in 250.99s | Loss: 0.0127 | PSNR: 34.22 | LR: 0.00000023
2026-05-24 22:47:04 -              Trainer: [    INFO] - Epoch [600/600] completed in 157.47s | Loss: 0.0127 | PSNR: 34.20 | LR: 0.00000020
2026-05-24 22:47:04 -              Trainer: [    INFO] - Saved final model to ./checkpoints/model_final.pth
2026-05-24 22:47:04 -              Trainer: [    INFO] - Training completed successfully 
2026-05-24 22:47:04 -              Trainer: [    INFO] - ================================================================================
2026-05-24 22:47:04 -              Trainer: [    INFO] - TRAINING SESSION COMPLETED
2026-05-24 22:47:04 -              Trainer: [    INFO] - Best PSNR: 36.51 at iteration 309000
2026-05-24 22:47:04 -              Trainer: [    INFO] - ================================================================================
